PLAYER_ID,PLAYER_NAME,TEAM_ABBREVIATION,Season,PlayType,GP,POSS,POSS_PCT,PPP,FG_PCT,EFG_PCT,SCORE_POSS_PCT,TOV_POSS_PCT,FT_POSS_PCT,SF_POSS_PCT,PLUSONE_POSS_PCT,PTS,FGM,FGA
1629027,Trae Young,ATL,2022-23,Ball Handler,73,927,0.472,0.935275081,0.430700447,0.482,0.428,0.157,0.14,0.098,0.022,867,289,671
201942,DeMar DeRozan,CHI,2022-23,Ball Handler,74,699,0.419,1.061516452,0.532374101,0.538,0.519,0.104,0.14,0.136,0.041,742,296,556
203081,Damian Lillard,POR,2022-23,Ball Handler,58,644,0.396,1.127329193,0.476086957,0.567,0.492,0.127,0.185,0.151,0.033,726,219,460
1629630,Ja Morant,MEM,2022-23,Ball Handler,61,778,0.477,0.926735219,0.445762712,0.472,0.455,0.117,0.157,0.148,0.037,721,263,590
1628378,Donovan Mitchell,CLE,2022-23,Ball Handler,68,635,0.368,1.130708661,0.505882353,0.596,0.49,0.112,0.104,0.087,0.019,718,258,510
1629029,Luka Dončić,DAL,2022-23,Ball Handler,66,671,0.339,1.062593145,0.517928287,0.587,0.484,0.145,0.145,0.131,0.039,713,260,502
1628973,Jalen Brunson,NYK,2022-23,Ball Handler,68,647,0.433,1.01236476,0.473180077,0.509,0.481,0.091,0.13,0.119,0.029,655,247,522
1630224,Jalen Green,HOU,2022-23,Ball Handler,76,753,0.431,0.867197875,0.386404293,0.438,0.402,0.133,0.147,0.138,0.024,653,216,559
1628368,De'Aaron Fox,SAC,2022-23,Ball Handler,73,612,0.36,1.024509804,0.51059322,0.538,0.498,0.118,0.134,0.118,0.025,627,241,472
203897,Zach LaVine,CHI,2022-23,Ball Handler,77,625,0.355,0.9328,0.423459245,0.481,0.422,0.112,0.104,0.094,0.021,583,213,503
1629636,Darius Garland,CLE,2022-23,Ball Handler,69,609,0.416,0.945812808,0.458598726,0.511,0.438,0.14,0.102,0.079,0.015,576,216,471
1627749,Dejounte Murray,ATL,2022-23,Ball Handler,74,584,0.375,0.964041096,0.481553398,0.506,0.455,0.087,0.048,0.048,0.017,563,248,515
1628983,Shai Gilgeous-Alexander,OKC,2022-23,Ball Handler,68,549,0.29,1.012750455,0.496163683,0.508,0.497,0.14,0.173,0.158,0.029,556,194,391
1627832,Fred VanVleet,TOR,2022-23,Ball Handler,69,556,0.408,0.956834532,0.422121896,0.493,0.414,0.122,0.103,0.088,0.023,532,187,443
1630169,Tyrese Haliburton,IND,2022-23,Ball Handler,56,495,0.469,1.044444444,0.474619289,0.561,0.448,0.131,0.111,0.101,0.038,517,187,394
201939,Stephen Curry,GSW,2022-23,Ball Handler,56,430,0.304,1.141860465,0.504373178,0.617,0.47,0.135,0.093,0.086,0.026,491,173,343
203468,CJ McCollum,NOP,2022-23,Ball Handler,75,534,0.329,0.917602996,0.4375,0.483,0.427,0.116,0.096,0.084,0.021,490,189,432
1630162,Anthony Edwards,MIN,2022-23,Ball Handler,79,541,0.276,0.902033272,0.427207637,0.481,0.412,0.142,0.111,0.1,0.028,488,179,419
201950,Jrue Holiday,MIL,2022-23,Ball Handler,67,481,0.373,0.995841996,0.484210526,0.563,0.441,0.148,0.071,0.056,0.008,479,184,380
1629639,Tyler Herro,MIA,2022-23,Ball Handler,67,474,0.354,0.932489451,0.437172775,0.508,0.403,0.143,0.063,0.061,0.013,442,167,382
101108,Chris Paul,PHX,2022-23,Ball Handler,59,475,0.559,0.911578947,0.452380952,0.491,0.432,0.131,0.08,0.04,0.006,433,171,378
1629673,Jordan Poole,GSW,2022-23,Ball Handler,82,472,0.277,0.915254237,0.407303371,0.478,0.398,0.153,0.121,0.106,0.028,432,145,356
1629014,Anfernee Simons,POR,2022-23,Ball Handler,62,425,0.341,1.011764706,0.450704225,0.537,0.435,0.099,0.068,0.054,0.007,430,160,355
1629645,Kevin Porter Jr.,HOU,2022-23,Ball Handler,59,500,0.426,0.838,0.410326087,0.463,0.376,0.184,0.1,0.094,0.026,419,151,368
1626164,Devin Booker,PHX,2022-23,Ball Handler,53,397,0.294,1.005037783,0.46728972,0.505,0.474,0.096,0.134,0.106,0.038,399,150,321
1626179,Terry Rozier,CHA,2022-23,Ball Handler,64,467,0.331,0.843683084,0.387179487,0.442,0.381,0.105,0.071,0.064,0.011,394,151,390
1627750,Jamal Murray,DEN,2022-23,Ball Handler,65,401,0.315,0.975062344,0.475308642,0.54,0.439,0.13,0.07,0.052,0.007,391,154,324
1630532,Franz Wagner,ORL,2022-23,Ball Handler,80,420,0.296,0.904761905,0.485981308,0.519,0.436,0.171,0.069,0.064,0.005,380,156,321
202331,Paul George,LAC,2022-23,Ball Handler,56,385,0.296,0.966233766,0.462068966,0.533,0.431,0.158,0.099,0.081,0.013,372,134,290
1628369,Jayson Tatum,BOS,2022-23,Ball Handler,74,415,0.205,0.891566265,0.384848485,0.458,0.388,0.118,0.113,0.096,0.027,370,127,330
1631093,Jaden Ivey,DET,2022-23,Ball Handler,74,505,0.366,0.728712871,0.368421053,0.403,0.345,0.196,0.117,0.099,0.028,368,133,361
1630178,Tyrese Maxey,PHI,2022-23,Ball Handler,60,356,0.329,1.014044944,0.462837838,0.512,0.469,0.079,0.115,0.115,0.028,361,137,296
1630165,Killian Hayes,DET,2022-23,Ball Handler,76,449,0.436,0.779510022,0.402816901,0.427,0.367,0.158,0.06,0.051,0.009,350,143,355
1630193,Immanuel Quickley,NYK,2022-23,Ball Handler,81,343,0.303,0.988338192,0.446886447,0.504,0.455,0.099,0.143,0.134,0.038,339,122,273
1630581,Josh Giddey,OKC,2022-23,Ball Handler,76,407,0.295,0.820638821,0.466049383,0.468,0.408,0.165,0.071,0.071,0.032,334,151,324
1630200,Tre Jones,SAS,2022-23,Ball Handler,68,374,0.404,0.890374332,0.451612903,0.461,0.444,0.102,0.083,0.075,0.013,333,140,310
202710,Jimmy Butler III,MIA,2022-23,Ball Handler,64,304,0.249,1.085526316,0.491304348,0.496,0.536,0.072,0.22,0.178,0.049,330,113,230
203903,Jordan Clarkson,UTA,2022-23,Ball Handler,61,361,0.276,0.911357341,0.45112782,0.508,0.416,0.177,0.094,0.086,0.008,329,120,266
201935,James Harden,PHI,2022-23,Ball Handler,58,357,0.303,0.901960784,0.420833333,0.5,0.395,0.213,0.132,0.106,0.017,322,101,240
1626156,D'Angelo Russell,MIN,2022-23,Ball Handler,54,322,0.341,0.97515528,0.476595745,0.543,0.444,0.171,0.112,0.078,0.012,314,112,235
203078,Bradley Beal,WAS,2022-23,Ball Handler,50,332,0.298,0.936746988,0.482071713,0.514,0.443,0.163,0.105,0.102,0.027,311,121,251
1627763,Malcolm Brogdon,BOS,2022-23,Ball Handler,67,301,0.33,1.009966777,0.436734694,0.522,0.435,0.103,0.103,0.09,0.02,304,107,245
204456,T.J. McConnell,IND,2022-23,Ball Handler,75,332,0.482,0.909638554,0.511363636,0.521,0.44,0.169,0.069,0.06,0.033,302,135,264
203471,Dennis Schröder,LAL,2022-23,Ball Handler,66,340,0.39,0.888235294,0.44047619,0.45,0.444,0.138,0.141,0.121,0.024,302,111,252
1630163,LaMelo Ball,CHA,2022-23,Ball Handler,36,366,0.407,0.81147541,0.385159011,0.456,0.358,0.167,0.066,0.041,0.005,297,109,283
1627783,Pascal Siakam,TOR,2022-23,Ball Handler,71,319,0.189,0.927899687,0.438016529,0.463,0.461,0.113,0.154,0.141,0.025,296,106,242
1631094,Paolo Banchero,ORL,2022-23,Ball Handler,72,347,0.223,0.853025937,0.41015625,0.441,0.418,0.141,0.159,0.147,0.037,296,105,256
1630175,Cole Anthony,ORL,2022-23,Ball Handler,60,289,0.377,1.020761246,0.506550218,0.539,0.484,0.125,0.104,0.093,0.021,295,116,229
202695,Kawhi Leonard,LAC,2022-23,Ball Handler,52,247,0.23,1.165991903,0.545918367,0.589,0.534,0.105,0.142,0.117,0.04,288,107,196
1627742,Brandon Ingram,NOP,2022-23,Ball Handler,45,304,0.276,0.947368421,0.474137931,0.489,0.464,0.135,0.128,0.118,0.026,288,110,232
1627759,Jaylen Brown,BOS,2022-23,Ball Handler,67,289,0.168,0.982698962,0.469767442,0.537,0.443,0.159,0.114,0.107,0.017,284,101,215
2544,LeBron James,LAL,2022-23,Ball Handler,55,316,0.208,0.89556962,0.445833333,0.502,0.408,0.168,0.101,0.098,0.028,283,107,240
1626145,Tyus Jones,MEM,2022-23,Ball Handler,80,318,0.386,0.874213836,0.452554745,0.474,0.418,0.11,0.038,0.035,0.009,278,124,274
1629628,RJ Barrett,NYK,2022-23,Ball Handler,73,310,0.205,0.84516129,0.430493274,0.437,0.423,0.158,0.168,0.155,0.045,262,96,223
1629640,Keldon Johnson,SAS,2022-23,Ball Handler,63,286,0.208,0.912587413,0.465753425,0.489,0.448,0.14,0.133,0.129,0.038,261,102,219
1626181,Norman Powell,LAC,2022-23,Ball Handler,60,240,0.256,1.054166667,0.460227273,0.506,0.5,0.104,0.179,0.154,0.017,253,81,176
202681,Kyrie Irving,TOT,2022-23,Ball Handler,60,360,0.250966667,1.061111111,0.482200647,0.561063889,0.458477778,0.097213889,0.063686111,0.058033333,0.019677778,382,149,309
1628365,Markelle Fultz,ORL,2022-23,Ball Handler,60,273,0.311,0.893772894,0.50952381,0.517,0.454,0.168,0.081,0.077,0.018,244,107,210
1631114,Jalen Williams,OKC,2022-23,Ball Handler,75,259,0.26,0.915057915,0.473684211,0.486,0.452,0.12,0.108,0.097,0.035,237,99,209
1629659,Talen Horton-Tucker,UTA,2022-23,Ball Handler,65,291,0.361,0.804123711,0.423255814,0.447,0.399,0.172,0.113,0.11,0.024,234,91,215
202692,Alec Burks,DET,2022-23,Ball Handler,51,232,0.392,0.978448276,0.410810811,0.486,0.427,0.095,0.121,0.121,0.022,227,76,185
203915,Spencer Dinwiddie,TOT,2022-23,Ball Handler,79,391,0.307734015,0.925831202,0.423728814,0.478585678,0.419370844,0.135209719,0.146120205,0.132918159,0.035626598,362,125,295
1628420,Monte Morris,WAS,2022-23,Ball Handler,62,220,0.363,1.018181818,0.489795918,0.533,0.464,0.082,0.045,0.045,0.018,224,96,196
203507,Giannis Antetokounmpo,MIL,2022-23,Ball Handler,63,211,0.113,1.052132701,0.544827586,0.566,0.526,0.123,0.246,0.237,0.062,222,79,145
1628398,Kyle Kuzma,WAS,2022-23,Ball Handler,64,261,0.182,0.827586207,0.434146341,0.466,0.395,0.157,0.084,0.077,0.023,216,89,205
1628401,Derrick White,BOS,2022-23,Ball Handler,82,219,0.235,0.945205479,0.434782609,0.503,0.425,0.16,0.137,0.132,0.032,207,70,161
1631097,Bennedict Mathurin,IND,2022-23,Ball Handler,78,243,0.189,0.847736626,0.383333333,0.414,0.403,0.132,0.169,0.16,0.041,206,69,180
201144,Mike Conley,UTA,2022-23,Ball Handler,43,224,0.462,0.901785714,0.414634146,0.488,0.388,0.183,0.107,0.094,0.022,202,68,164
1628370,Malik Monk,SAC,2022-23,Ball Handler,77,219,0.214,0.899543379,0.455782313,0.52,0.406,0.228,0.119,0.091,0.018,197,67,147
1630559,Austin Reaves,LAL,2022-23,Ball Handler,64,182,0.263,1.076923077,0.557522124,0.602,0.511,0.209,0.22,0.203,0.055,196,63,113
201566,Russell Westbrook,LAL,2022-23,Ball Handler,52,260,0.255,0.75,0.435028249,0.475,0.358,0.25,0.085,0.077,0.019,195,77,177
1630217,Desmond Bane,MEM,2022-23,Ball Handler,58,198,0.173,0.949494949,0.474683544,0.532,0.429,0.152,0.071,0.061,0.02,188,75,158
1629614,Andrew Nembhard,IND,2022-23,Ball Handler,75,259,0.326,0.725868726,0.395238095,0.414,0.347,0.162,0.039,0.027,0.012,188,83,210
1630170,Devin Vassell,SAS,2022-23,Ball Handler,39,183,0.265,1.016393443,0.503184713,0.541,0.475,0.098,0.06,0.06,0.016,186,79,157
1628415,Dillon Brooks,MEM,2022-23,Ball Handler,73,246,0.214,0.756097561,0.361904762,0.395,0.354,0.098,0.065,0.061,0.016,186,76,210
1629652,Luguentz Dort,OKC,2022-23,Ball Handler,74,187,0.173,0.962566845,0.44137931,0.483,0.449,0.118,0.144,0.134,0.037,180,64,145
1626166,Cameron Payne,PHX,2022-23,Ball Handler,48,229,0.407,0.786026201,0.405128205,0.433,0.38,0.109,0.039,0.044,0.004,180,79,195
1627747,Caris LeVert,CLE,2022-23,Ball Handler,75,233,0.249,0.763948498,0.394444444,0.447,0.352,0.167,0.069,0.069,0.013,178,71,180
1629216,Gabe Vincent,MIA,2022-23,Ball Handler,68,201,0.293,0.875621891,0.427672956,0.491,0.388,0.159,0.065,0.065,0.015,176,68,159
202330,Gordon Hayward,CHA,2022-23,Ball Handler,50,204,0.273,0.852941176,0.440251572,0.465,0.402,0.162,0.103,0.093,0.044,174,70,159
201142,Kevin Durant,BKN,2022-23,Ball Handler,39,145,0.148,1.193103448,0.59047619,0.648,0.524,0.179,0.159,0.152,0.062,173,62,105
1628969,Mikal Bridges,TOT,2022-23,Ball Handler,83,298,0.216318792,0.989932886,0.486725664,0.49983557,0.473607383,0.127721477,0.157526846,0.140919463,0.047033557,295,110,226
201569,Eric Gordon,HOU,2022-23,Ball Handler,47,173,0.284,0.976878613,0.483606557,0.545,0.439,0.191,0.139,0.127,0.035,169,59,122
1629669,Jaylen Nowell,MIN,2022-23,Ball Handler,65,182,0.249,0.928571429,0.428571429,0.484,0.429,0.066,0.06,0.049,0.011,169,69,161
1629018,Gary Trent Jr.,TOR,2022-23,Ball Handler,66,194,0.181,0.865979381,0.377245509,0.416,0.387,0.077,0.088,0.088,0.026,168,63,167
202711,Bojan Bogdanovic,DET,2022-23,Ball Handler,59,187,0.164,0.882352941,0.442028986,0.478,0.412,0.171,0.107,0.07,0.016,165,61,138
1629003,Shake Milton,PHI,2022-23,Ball Handler,76,197,0.305,0.837563452,0.450980392,0.467,0.401,0.173,0.076,0.076,0.025,165,69,153
1630544,Tre Mann,OKC,2022-23,Ball Handler,67,211,0.364,0.781990521,0.357541899,0.422,0.346,0.109,0.047,0.047,0.005,165,64,179
1630538,Bones Hyland,DEN,2022-23,Ball Handler,43,183,0.343,0.896174863,0.405405405,0.49,0.383,0.137,0.066,0.055,0.011,164,60,148
1626162,Kelly Oubre Jr.,CHA,2022-23,Ball Handler,48,170,0.176,0.941176471,0.417808219,0.455,0.435,0.059,0.141,0.141,0.059,160,61,146
1631103,Malaki Branham,SAS,2022-23,Ball Handler,66,169,0.235,0.934911243,0.510791367,0.525,0.456,0.136,0.053,0.047,0.012,158,71,139
1630560,Cam Thomas,BKN,2022-23,Ball Handler,57,184,0.312,0.858695652,0.367346939,0.405,0.397,0.092,0.125,0.114,0.016,158,54,147
202704,Reggie Jackson,LAC,2022-23,Ball Handler,52,200,0.317,0.79,0.4,0.422,0.37,0.14,0.07,0.07,0.02,158,64,160
203935,Marcus Smart,BOS,2022-23,Ball Handler,61,147,0.184,1.020408163,0.509615385,0.587,0.456,0.197,0.116,0.102,0.02,150,53,104
1629012,Collin Sexton,UTA,2022-23,Ball Handler,48,150,0.235,0.98,0.453703704,0.472,0.48,0.12,0.187,0.167,0.027,147,49,108
203506,Victor Oladipo,MIA,2022-23,Ball Handler,42,171,0.325,0.85380117,0.440944882,0.516,0.374,0.211,0.058,0.047,0.012,146,56,127
1629631,De'Andre Hunter,ATL,2022-23,Ball Handler,67,147,0.147,0.986394558,0.474137931,0.496,0.476,0.109,0.122,0.109,0.02,145,55,116
200768,Kyle Lowry,MIA,2022-23,Ball Handler,55,164,0.256,0.865853659,0.427272727,0.509,0.384,0.226,0.128,0.11,0.03,142,47,110
203114,Khris Middleton,MIL,2022-23,Ball Handler,33,143,0.277,0.979020979,0.458715596,0.528,0.42,0.168,0.084,0.077,0.014,140,50,109
1628971,Bruce Brown,DEN,2022-23,Ball Handler,80,203,0.22,0.689655172,0.355704698,0.362,0.345,0.182,0.113,0.108,0.03,140,53,149
203992,Bogdan Bogdanović,ATL,2022-23,Ball Handler,54,153,0.216,0.895424837,0.433333333,0.504,0.386,0.17,0.052,0.052,0.007,137,52,120
202709,Cory Joseph,DET,2022-23,Ball Handler,62,169,0.387,0.786982249,0.381679389,0.431,0.361,0.154,0.083,0.077,0.012,133,50,131
1630595,Cade Cunningham,DET,2022-23,Ball Handler,12,135,0.479,0.955555556,0.479338843,0.504,0.452,0.081,0.037,0.03,0.015,129,58,121
1630631,Jose Alvarado,NOP,2022-23,Ball Handler,61,169,0.278,0.75739645,0.447154472,0.451,0.391,0.207,0.071,0.065,0.006,128,55,123
1628975,Jevon Carter,MIL,2022-23,Ball Handler,81,157,0.239,0.796178344,0.419847328,0.466,0.363,0.153,0.013,0.006,0,125,55,131
203944,Julius Randle,NYK,2022-23,Ball Handler,77,125,0.067,0.992,0.4,0.495,0.432,0.104,0.176,0.168,0.04,124,38,95
203552,Seth Curry,BKN,2022-23,Ball Handler,61,116,0.224,1.060344828,0.479166667,0.568,0.431,0.138,0.069,0.069,0.034,123,46,96
1629022,Lonnie Walker IV,LAL,2022-23,Ball Handler,56,124,0.201,0.983870968,0.429906542,0.463,0.46,0.048,0.105,0.105,0.016,122,46,107
1630692,Jordan Goodwin,WAS,2022-23,Ball Handler,62,154,0.348,0.785714286,0.424,0.432,0.37,0.149,0.078,0.078,0.039,121,53,125
1630591,Jalen Suggs,ORL,2022-23,Ball Handler,53,135,0.229,0.888888889,0.479591837,0.566,0.385,0.222,0.067,0.044,0.015,120,47,98
1626153,Delon Wright,WAS,2022-23,Ball Handler,50,126,0.353,0.928571429,0.47,0.52,0.421,0.159,0.079,0.079,0.032,117,47,100
1629001,De'Anthony Melton,PHI,2022-23,Ball Handler,77,138,0.174,0.847826087,0.418181818,0.5,0.362,0.159,0.043,0.036,0,117,46,110
1627736,Malik Beasley,UTA,2022-23,Ball Handler,55,116,0.156,0.965517241,0.39047619,0.505,0.379,0.069,0.034,0.034,0.009,112,41,105
1629632,Coby White,CHI,2022-23,Ball Handler,74,123,0.177,0.886178862,0.489795918,0.49,0.423,0.171,0.073,0.057,0.041,109,48,98
1630613,Duane Washington Jr.,PHX,2022-23,Ball Handler,31,129,0.431,0.837209302,0.411214953,0.467,0.372,0.132,0.054,0.054,0.016,108,44,107
1629627,Zion Williamson,NOP,2022-23,Ball Handler,29,101,0.15,1.02970297,0.587301587,0.595,0.554,0.168,0.277,0.248,0.069,104,37,63
1630177,Theo Maledon,CHA,2022-23,Ball Handler,44,122,0.357,0.852459016,0.444444444,0.483,0.402,0.189,0.098,0.09,0.025,104,40,90
1627741,Buddy Hield,IND,2022-23,Ball Handler,80,110,0.091,0.918181818,0.465116279,0.552,0.391,0.191,0.045,0.045,0.018,101,40,86
201609,Goran Dragic,CHI,2022-23,Ball Handler,51,139,0.374,0.726618705,0.407407407,0.435,0.345,0.194,0.043,0.036,0.014,101,44,108
1628372,Dennis Smith Jr.,CHA,2022-23,Ball Handler,55,154,0.264,0.655844156,0.338709677,0.339,0.338,0.123,0.084,0.071,0.013,101,42,124
202691,Klay Thompson,GSW,2022-23,Ball Handler,69,100,0.07,0.99,0.448275862,0.569,0.39,0.13,0.01,0.01,0.01,99,39,87
1626196,Josh Richardson,SAS,2022-23,Ball Handler,43,123,0.25,0.796747967,0.40625,0.438,0.382,0.154,0.081,0.049,0.016,98,39,96
1630528,Josh Christopher,HOU,2022-23,Ball Handler,64,113,0.273,0.840707965,0.453488372,0.477,0.416,0.168,0.088,0.071,0.018,95,39,86
202699,Tobias Harris,PHI,2022-23,Ball Handler,74,109,0.11,0.844036697,0.408602151,0.425,0.413,0.083,0.083,0.083,0.018,92,38,93
1630245,Ayo Dosunmu,CHI,2022-23,Ball Handler,80,106,0.15,0.830188679,0.506024096,0.512,0.415,0.198,0.028,0.028,0.009,88,42,83
202322,John Wall,LAC,2022-23,Ball Handler,34,145,0.309,0.606896552,0.303921569,0.319,0.297,0.2,0.124,0.124,0.028,88,31,102
1630567,Scottie Barnes,TOR,2022-23,Ball Handler,77,127,0.1,0.68503937,0.346938776,0.362,0.331,0.157,0.087,0.079,0.016,87,34,98
203937,Kyle Anderson,MIN,2022-23,Ball Handler,69,101,0.154,0.851485149,0.486111111,0.5,0.416,0.208,0.139,0.139,0.059,86,35,72
1628384,OG Anunoby,TOR,2022-23,Ball Handler,67,112,0.103,0.75,0.375,0.403,0.366,0.143,0.08,0.063,0.009,84,33,88
1630166,Deni Avdija,WAS,2022-23,Ball Handler,76,119,0.154,0.697478992,0.407894737,0.441,0.328,0.277,0.126,0.126,0.042,83,31,76
1631101,Shaedon Sharpe,POR,2022-23,Ball Handler,80,122,0.157,0.672131148,0.350515464,0.387,0.311,0.164,0.049,0.025,0.008,82,34,97
1630558,Davion Mitchell,SAC,2022-23,Ball Handler,80,106,0.224,0.716981132,0.419753086,0.451,0.34,0.217,0.019,0.019,0,76,34,81
1630230,Naji Marshall,NOP,2022-23,Ball Handler,77,106,0.143,0.70754717,0.394736842,0.395,0.349,0.217,0.104,0.094,0.038,75,30,76
1631110,Jeremy Sochan,SAS,2022-23,Ball Handler,56,103,0.148,0.660194175,0.328947368,0.355,0.32,0.175,0.097,0.097,0.01,68,25,76
1630227,Daishen Nix,HOU,2022-23,Ball Handler,57,106,0.313,0.632075472,0.333333333,0.396,0.283,0.255,0.066,0.057,0,67,24,72
203954,Joel Embiid,PHI,2022-23,Roll Man,66,440,0.233,1.229545455,0.579754601,0.61,0.591,0.095,0.214,0.209,0.05,541,189,326
202696,Nikola Vučević,CHI,2022-23,Roll Man,82,386,0.285,1.090673575,0.522988506,0.565,0.503,0.067,0.049,0.049,0.02,421,182,348
1629028,Deandre Ayton,PHX,2022-23,Roll Man,67,321,0.293,1.202492212,0.617021277,0.619,0.601,0.053,0.097,0.1,0.03,386,174,282
1628389,Bam Adebayo,MIA,2022-23,Roll Man,75,315,0.213,1.136507937,0.551330798,0.551,0.568,0.051,0.13,0.13,0.02,358,145,263
203076,Anthony Davis,LAL,2022-23,Roll Man,56,242,0.189,1.280991736,0.626865672,0.639,0.632,0.05,0.145,0.145,0.02,310,126,201
201572,Brook Lopez,MIL,2022-23,Roll Man,78,229,0.212,1.318777293,0.576923077,0.654,0.585,0.031,0.105,0.105,0.04,302,120,208
1630596,Evan Mobley,CLE,2022-23,Roll Man,79,262,0.213,1.091603053,0.577889447,0.593,0.55,0.107,0.176,0.168,0.04,286,115,199
1627734,Domantas Sabonis,SAC,2022-23,Roll Man,79,206,0.151,1.334951456,0.69047619,0.705,0.66,0.073,0.17,0.165,0.06,275,116,168
1626167,Myles Turner,IND,2022-23,Roll Man,62,218,0.228,1.23853211,0.553072626,0.609,0.578,0.055,0.161,0.156,0.04,270,99,179
1626174,Christian Wood,DAL,2022-23,Roll Man,67,179,0.178,1.441340782,0.626666667,0.72,0.642,0.045,0.162,0.156,0.04,258,94,150
203991,Clint Capela,ATL,2022-23,Roll Man,65,186,0.286,1.38172043,0.714285714,0.714,0.704,0.043,0.134,0.134,0.04,257,115,161
1630578,Alperen Sengun,HOU,2022-23,Roll Man,75,231,0.207,1.095238095,0.556756757,0.57,0.541,0.091,0.156,0.143,0.05,253,103,185
1628386,Jarrett Allen,CLE,2022-23,Roll Man,68,201,0.245,1.149253731,0.611111111,0.614,0.577,0.109,0.109,0.1,0.02,231,99,162
1629651,Nic Claxton,BKN,2022-23,Roll Man,76,165,0.21,1.363636364,0.761538462,0.762,0.715,0.079,0.188,0.188,0.06,225,99,130
203999,Nikola Jokić,DEN,2022-23,Roll Man,69,161,0.112,1.372670807,0.678571429,0.721,0.64,0.068,0.087,0.087,0.02,221,95,140
204001,Kristaps Porziņģis,WAS,2022-23,Roll Man,65,186,0.14,1.177419355,0.461538462,0.561,0.505,0.038,0.151,0.14,0.03,219,72,156
202685,Jonas Valančiūnas,NOP,2022-23,Roll Man,79,197,0.183,1.060913706,0.494382022,0.525,0.513,0.03,0.081,0.081,0.02,209,88,178
1627826,Ivica Zubac,LAC,2022-23,Roll Man,76,141,0.19,1.29787234,0.693069307,0.693,0.667,0.106,0.213,0.206,0.04,183,70,101
203497,Rudy Gobert,MIN,2022-23,Roll Man,70,145,0.177,1.255172414,0.698113208,0.698,0.676,0.083,0.248,0.241,0.06,182,74,106
1629675,Naz Reid,MIN,2022-23,Roll Man,69,156,0.216,1.141025641,0.525547445,0.599,0.506,0.064,0.083,0.077,0.03,178,72,137
1629655,Daniel Gafford,WAS,2022-23,Roll Man,78,132,0.238,1.340909091,0.701923077,0.702,0.667,0.068,0.197,0.197,0.05,177,73,104
203939,Dwight Powell,DAL,2022-23,Roll Man,76,118,0.289,1.466101695,0.781609195,0.782,0.746,0.068,0.246,0.246,0.05,173,68,87
1630168,Onyeka Okongwu,ATL,2022-23,Roll Man,80,135,0.203,1.274074074,0.651376147,0.651,0.63,0.081,0.17,0.156,0.06,172,71,109
1628374,Lauri Markkanen,UTA,2022-23,Roll Man,66,128,0.089,1.328125,0.527272727,0.627,0.563,0.031,0.148,0.125,0.04,170,58,110
1626171,Bobby Portis,MIL,2022-23,Roll Man,70,136,0.144,1.220588235,0.532786885,0.639,0.507,0.066,0.051,0.051,0.02,166,65,122
1628976,Wendell Carter Jr.,ORL,2022-23,Roll Man,57,149,0.185,1.10738255,0.53125,0.59,0.51,0.081,0.067,0.067,0.01,165,68,128
1629023,P.J. Washington,CHA,2022-23,Roll Man,73,122,0.105,1.278688525,0.550458716,0.624,0.574,0.025,0.115,0.098,0.03,156,60,109
1630543,Isaiah Jackson,IND,2022-23,Roll Man,63,127,0.293,1.149606299,0.542056075,0.542,0.591,0.024,0.205,0.197,0.07,146,58,107
1628380,Zach Collins,SAS,2022-23,Roll Man,63,141,0.191,1.028368794,0.4609375,0.539,0.454,0.057,0.064,0.064,0.03,145,59,128
1629634,Brandon Clarke,MEM,2022-23,Roll Man,56,100,0.218,1.4,0.674157303,0.674,0.68,0.03,0.18,0.17,0.1,140,60,89
1630231,KJ Martin,HOU,2022-23,Roll Man,82,106,0.117,1.254716981,0.64556962,0.658,0.623,0.094,0.208,0.198,0.05,133,51,79
1628381,John Collins,ATL,2022-23,Roll Man,71,108,0.125,1.231481481,0.554347826,0.598,0.574,0.046,0.13,0.13,0.03,133,51,92
203994,Jusuf Nurkić,POR,2022-23,Roll Man,52,116,0.166,1.137931034,0.561797753,0.584,0.534,0.129,0.233,0.233,0.13,132,50,89
1628991,Jaren Jackson Jr.,MEM,2022-23,Roll Man,63,106,0.1,1.235849057,0.542168675,0.614,0.585,0.057,0.208,0.208,0.05,131,45,83
203507,Giannis Antetokounmpo,MIL,2022-23,Roll Man,63,116,0.062,1.094827586,0.535714286,0.571,0.543,0.052,0.25,0.241,0.04,127,45,84
203486,Mason Plumlee,CHA,2022-23,Roll Man,56,106,0.178,1.188679245,0.623376623,0.623,0.613,0.075,0.283,0.274,0.08,126,48,77
1627751,Jakob Poeltl,SAS,2022-23,Roll Man,46,109,0.202,1.119266055,0.611111111,0.611,0.56,0.092,0.128,0.128,0.05,122,55,90
1630191,Isaiah Stewart,DET,2022-23,Roll Man,50,102,0.177,1.176470588,0.555555556,0.618,0.578,0.078,0.235,0.216,0.03,120,40,72
1628369,Jayson Tatum,BOS,2022-23,Roll Man,74,110,0.054,1.090909091,0.467391304,0.576,0.464,0.091,0.082,0.082,0.01,120,43,92
1630188,Jalen Smith,IND,2022-23,Roll Man,68,117,0.183,0.914529915,0.404255319,0.468,0.419,0.085,0.128,0.137,0.03,107,38,94
1628973,Jalen Brunson,NYK,2023-24,Ball Handler,76,809,0.407,1.05315204,0.47439759,0.531,0.475,0.094,0.125,0.109,0.04,852,315,664
1629029,Luka Dončić,DAL,2023-24,Ball Handler,70,740,0.338,1.07027027,0.532467532,0.618,0.469,0.181,0.132,0.122,0.042,792,287,539
203081,Damian Lillard,MIL,2023-24,Ball Handler,72,716,0.431,0.990223464,0.424860853,0.498,0.433,0.134,0.13,0.096,0.017,709,229,539
201942,DeMar DeRozan,CHI,2023-24,Ball Handler,79,642,0.368,1.063862928,0.504098361,0.509,0.53,0.089,0.195,0.176,0.044,683,246,488
1628983,Shai Gilgeous-Alexander,OKC,2023-24,Ball Handler,75,581,0.303,1.137693632,0.541950113,0.569,0.539,0.108,0.186,0.153,0.053,661,239,441
1629027,Trae Young,ATL,2023-24,Ball Handler,54,646,0.456,0.976780186,0.435164835,0.53,0.424,0.178,0.141,0.104,0.023,631,198,455
1630595,Cade Cunningham,DET,2023-24,Ball Handler,62,672,0.453,0.898809524,0.468379447,0.491,0.429,0.168,0.095,0.089,0.016,604,237,506
1630224,Jalen Green,HOU,2023-24,Ball Handler,82,656,0.393,0.902439024,0.403508772,0.479,0.39,0.137,0.105,0.084,0.024,592,207,513
1630178,Tyrese Maxey,PHI,2023-24,Ball Handler,70,588,0.35,1.005102041,0.4437751,0.51,0.44,0.088,0.097,0.092,0.032,591,221,498
1630169,Tyrese Haliburton,IND,2023-24,Ball Handler,68,548,0.434,1.054744526,0.483221477,0.573,0.449,0.13,0.084,0.071,0.029,578,216,447
1628368,De'Aaron Fox,SAC,2023-24,Ball Handler,73,597,0.317,0.966499162,0.476987448,0.524,0.454,0.126,0.092,0.079,0.018,577,228,478
1630162,Anthony Edwards,MIN,2023-24,Ball Handler,79,576,0.286,0.949652778,0.448512586,0.498,0.432,0.148,0.127,0.113,0.033,547,196,437
1626164,Devin Booker,PHX,2023-24,Ball Handler,67,507,0.309,1.065088757,0.480620155,0.545,0.485,0.118,0.138,0.12,0.02,540,186,387
1627832,Fred VanVleet,HOU,2023-24,Ball Handler,73,537,0.436,0.986964618,0.438356164,0.538,0.415,0.127,0.069,0.058,0.011,530,192,438
201939,Stephen Curry,GSW,2023-24,Ball Handler,74,572,0.321,0.914335664,0.393333333,0.491,0.378,0.145,0.079,0.072,0.01,523,177,450
1628378,Donovan Mitchell,CLE,2023-24,Ball Handler,55,531,0.386,0.95480226,0.428909953,0.5,0.424,0.115,0.105,0.092,0.015,507,181,422
1627749,Dejounte Murray,ATL,2023-24,Ball Handler,78,584,0.329,0.857876712,0.415289256,0.463,0.392,0.122,0.058,0.05,0.009,501,201,484
1631114,Jalen Williams,OKC,2023-24,Ball Handler,71,448,0.37,1.002232143,0.513736264,0.533,0.493,0.107,0.089,0.083,0.009,449,187,364
1629632,Coby White,CHI,2023-24,Ball Handler,79,482,0.323,0.927385892,0.491758242,0.515,0.45,0.164,0.11,0.1,0.029,447,179,364
1630559,Austin Reaves,LAL,2023-24,Ball Handler,81,419,0.348,1.050119332,0.517915309,0.59,0.461,0.184,0.122,0.105,0.038,440,159,307
1631094,Paolo Banchero,ORL,2023-24,Ball Handler,80,519,0.272,0.832369942,0.396946565,0.439,0.399,0.135,0.133,0.121,0.025,432,156,393
1627750,Jamal Murray,DEN,2023-24,Ball Handler,59,412,0.349,1.02184466,0.485380117,0.547,0.451,0.121,0.068,0.063,0.019,421,166,342
1626156,D'Angelo Russell,LAL,2023-24,Ball Handler,75,455,0.349,0.920879121,0.454810496,0.509,0.426,0.16,0.099,0.081,0.013,419,156,343
204456,T.J. McConnell,IND,2023-24,Ball Handler,70,380,0.527,1.065789474,0.563636364,0.571,0.524,0.097,0.055,0.053,0.021,405,186,330
1630560,Cam Thomas,BKN,2023-24,Ball Handler,66,442,0.304,0.904977376,0.416201117,0.455,0.419,0.106,0.109,0.106,0.025,400,149,358
1629636,Darius Garland,CLE,2023-24,Ball Handler,57,453,0.417,0.854304636,0.425714286,0.486,0.391,0.163,0.068,0.06,0.004,387,149,350
1628369,Jayson Tatum,BOS,2023-24,Ball Handler,73,397,0.222,0.95465995,0.419047619,0.514,0.403,0.136,0.083,0.078,0.013,379,132,315
1629014,Anfernee Simons,POR,2023-24,Ball Handler,46,411,0.399,0.922141119,0.435185185,0.5,0.409,0.144,0.08,0.073,0.012,379,141,324
1630703,Scoot Henderson,POR,2023-24,Ball Handler,62,437,0.398,0.85812357,0.450617284,0.497,0.394,0.199,0.073,0.059,0.014,375,146,324
201935,James Harden,LAC,2023-24,Ball Handler,72,381,0.335,0.952755906,0.419708029,0.511,0.391,0.189,0.126,0.118,0.034,363,115,274
1629673,Jordan Poole,WAS,2023-24,Ball Handler,78,462,0.317,0.785714286,0.356955381,0.416,0.344,0.126,0.063,0.061,0.013,363,136,381
1641718,Keyonte George,UTA,2023-24,Ball Handler,75,431,0.394,0.805104408,0.37654321,0.449,0.346,0.186,0.084,0.084,0.021,347,122,324
1629012,Collin Sexton,UTA,2023-24,Ball Handler,78,353,0.259,0.980169972,0.456521739,0.487,0.467,0.105,0.147,0.125,0.034,346,126,276
1627742,Brandon Ingram,NOP,2023-24,Ball Handler,64,360,0.28,0.958333333,0.501766784,0.521,0.472,0.133,0.094,0.072,0.014,345,142,283
203468,CJ McCollum,NOP,2023-24,Ball Handler,65,319,0.263,1.05015674,0.486891386,0.571,0.455,0.113,0.063,0.06,0.013,335,130,267
1630532,Franz Wagner,ORL,2023-24,Ball Handler,72,359,0.262,0.930362117,0.465201465,0.487,0.454,0.136,0.134,0.128,0.031,334,127,273
1641706,Brandon Miller,CHA,2023-24,Ball Handler,74,371,0.289,0.870619946,0.418604651,0.455,0.404,0.121,0.086,0.081,0.019,323,126,301
1628969,Mikal Bridges,BKN,2023-24,Ball Handler,82,375,0.237,0.850666667,0.41754386,0.453,0.397,0.157,0.104,0.093,0.021,319,119,285
202681,Kyrie Irving,DAL,2023-24,Ball Handler,58,321,0.244,0.984423676,0.451492537,0.506,0.445,0.093,0.087,0.065,0.016,316,121,268
202331,Paul George,LAC,2023-24,Ball Handler,74,279,0.186,1.089605735,0.504587156,0.599,0.466,0.143,0.104,0.093,0.029,304,110,218
1628370,Malik Monk,SAC,2023-24,Ball Handler,71,332,0.299,0.906626506,0.455284553,0.506,0.416,0.181,0.093,0.09,0.015,301,112,246
1626145,Tyus Jones,WAS,2023-24,Ball Handler,66,293,0.394,0.996587031,0.503816794,0.536,0.468,0.089,0.031,0.031,0.014,292,132,262
1630170,Devin Vassell,SAS,2023-24,Ball Handler,68,310,0.25,0.932258065,0.457364341,0.498,0.426,0.123,0.068,0.061,0.023,289,118,258
202704,Reggie Jackson,DEN,2023-24,Ball Handler,82,344,0.38,0.834302326,0.415492958,0.46,0.381,0.137,0.049,0.041,0.012,287,118,284
201142,Kevin Durant,PHX,2023-24,Ball Handler,74,284,0.155,1,0.514018692,0.561,0.465,0.169,0.092,0.081,0.014,284,110,214
2544,LeBron James,LAL,2023-24,Ball Handler,70,308,0.187,0.909090909,0.481481481,0.53,0.435,0.195,0.123,0.114,0.019,280,104,216
1631204,Marcus Sasser,DET,2023-24,Ball Handler,71,306,0.486,0.908496732,0.438016529,0.51,0.395,0.157,0.062,0.046,0.01,278,106,242
1630217,Desmond Bane,MEM,2023-24,Ball Handler,42,275,0.29,0.989090909,0.455319149,0.532,0.422,0.113,0.051,0.047,0.018,272,107,235
203507,Giannis Antetokounmpo,MIL,2023-24,Ball Handler,72,234,0.121,1.153846154,0.611111111,0.633,0.577,0.15,0.244,0.231,0.085,270,99,162
1628401,Derrick White,BOS,2023-24,Ball Handler,72,276,0.278,0.971014493,0.439814815,0.514,0.417,0.145,0.098,0.087,0.025,268,95,216
1630175,Cole Anthony,ORL,2023-24,Ball Handler,81,320,0.327,0.828125,0.418410042,0.431,0.413,0.153,0.116,0.097,0.016,265,100,239
1631093,Jaden Ivey,DET,2023-24,Ball Handler,77,317,0.246,0.829652997,0.415178571,0.458,0.385,0.196,0.129,0.126,0.032,263,93,224
1629639,Tyler Herro,MIA,2023-24,Ball Handler,43,270,0.31,0.955555556,0.449781659,0.504,0.43,0.1,0.067,0.063,0.015,258,103,229
1626179,Terry Rozier,TOT,2023-24,Ball Handler,61,385,0.327096104,1.033766234,0.46969697,0.53958961,0.451901299,0.093631169,0.065212987,0.054475325,0.015961039,398,155,330
201144,Mike Conley,MIN,2023-24,Ball Handler,76,269,0.341,0.933085502,0.40776699,0.512,0.379,0.167,0.089,0.078,0.022,251,84,206
1629627,Zion Williamson,NOP,2023-24,Ball Handler,69,264,0.178,0.943181818,0.52972973,0.53,0.489,0.167,0.182,0.17,0.049,249,98,185
1627747,Caris LeVert,CLE,2023-24,Ball Handler,68,285,0.277,0.863157895,0.442982456,0.482,0.407,0.144,0.067,0.063,0.011,246,101,228
1630163,LaMelo Ball,CHA,2023-24,Ball Handler,22,245,0.448,0.975510204,0.465608466,0.532,0.433,0.155,0.098,0.09,0.024,239,88,189
203471,Dennis Schröder,TOT,2023-24,Ball Handler,80,447,0.382561521,0.870246085,0.451149425,0.481270694,0.411400447,0.161085011,0.078485459,0.06690604,0.01752349,389,157,348
1627759,Jaylen Brown,BOS,2023-24,Ball Handler,69,247,0.163,0.935222672,0.479591837,0.526,0.425,0.154,0.069,0.053,0.016,231,94,196
202695,Kawhi Leonard,LAC,2023-24,Ball Handler,69,229,0.164,1.004366812,0.491803279,0.546,0.454,0.14,0.079,0.07,0.017,230,90,183
203078,Bradley Beal,PHX,2023-24,Ball Handler,53,222,0.24,1.018018018,0.535294118,0.574,0.477,0.162,0.099,0.095,0.027,226,91,170
1628398,Kyle Kuzma,WAS,2023-24,Ball Handler,70,283,0.177,0.798586572,0.408888889,0.433,0.385,0.145,0.081,0.074,0.021,226,92,225
1630200,Tre Jones,SAS,2023-24,Ball Handler,77,227,0.295,0.960352423,0.517045455,0.531,0.471,0.154,0.079,0.057,0.009,218,91,176
101108,Chris Paul,GSW,2023-24,Ball Handler,58,234,0.415,0.931623932,0.467661692,0.505,0.432,0.111,0.038,0.034,0.009,218,94,201
203903,Jordan Clarkson,UTA,2023-24,Ball Handler,55,265,0.255,0.788679245,0.385365854,0.417,0.366,0.155,0.087,0.072,0.015,209,79,205
203992,Bogdan Bogdanović,ATL,2023-24,Ball Handler,79,180,0.141,1.083333333,0.532846715,0.613,0.467,0.178,0.072,0.061,0.011,195,73,137
203995,Vasilije Micic,CHA,2023-24,Ball Handler,30,211,0.561,0.924170616,0.474025974,0.526,0.422,0.194,0.09,0.081,0.014,195,73,154
203114,Khris Middleton,MIL,2023-24,Ball Handler,54,222,0.276,0.878378378,0.465116279,0.517,0.401,0.185,0.05,0.045,0.009,195,80,172
1628970,Miles Bridges,CHA,2023-24,Ball Handler,69,217,0.152,0.884792627,0.415730337,0.475,0.401,0.12,0.069,0.065,0.009,192,74,178
202710,Jimmy Butler III,MIA,2023-24,Ball Handler,60,225,0.207,0.835555556,0.366013072,0.373,0.409,0.16,0.204,0.178,0.044,188,56,153
1629614,Andrew Nembhard,IND,2023-24,Ball Handler,67,222,0.345,0.833333333,0.458563536,0.475,0.405,0.153,0.036,0.036,0.005,185,83,181
1630193,Immanuel Quickley,TOT,2023-24,Ball Handler,67,336,0.308464286,0.982142857,0.413533835,0.495827381,0.431755952,0.104190476,0.122321429,0.110089286,0.017720238,330,110,266
1627763,Malcolm Brogdon,POR,2023-24,Ball Handler,39,226,0.372,0.800884956,0.349462366,0.39,0.372,0.093,0.097,0.08,0.013,181,65,186
203915,Spencer Dinwiddie,BKN,2023-24,Ball Handler,48,210,0.334,0.842857143,0.375,0.416,0.39,0.124,0.171,0.171,0.057,177,60,160
1629640,Keldon Johnson,SAS,2023-24,Ball Handler,69,185,0.175,0.935135135,0.464788732,0.5,0.443,0.146,0.114,0.097,0.027,173,66,142
1630581,Josh Giddey,OKC,2023-24,Ball Handler,80,197,0.185,0.873096447,0.51048951,0.517,0.421,0.223,0.091,0.086,0.041,172,73,143
1630245,Ayo Dosunmu,CHI,2023-24,Ball Handler,76,183,0.211,0.912568306,0.510638298,0.55,0.437,0.186,0.055,0.049,0.011,167,72,141
1631097,Bennedict Mathurin,IND,2023-24,Ball Handler,58,190,0.226,0.857894737,0.409395973,0.46,0.389,0.142,0.1,0.1,0.026,163,61,149
1630567,Scottie Barnes,TOR,2023-24,Ball Handler,60,195,0.162,0.835897436,0.479452055,0.493,0.41,0.195,0.082,0.077,0.026,163,70,146
1628988,Aaron Holiday,HOU,2023-24,Ball Handler,78,146,0.296,1.02739726,0.512195122,0.561,0.473,0.116,0.041,0.034,0,150,63,123
1630202,Payton Pritchard,BOS,2023-24,Ball Handler,81,153,0.213,0.967320261,0.465116279,0.519,0.431,0.111,0.059,0.059,0.013,148,60,129
203897,Zach LaVine,CHI,2023-24,Ball Handler,25,154,0.327,0.941558442,0.417322835,0.476,0.435,0.084,0.091,0.078,0,145,53,127
1629659,Talen Horton-Tucker,UTA,2023-24,Ball Handler,51,174,0.301,0.827586207,0.394366197,0.44,0.379,0.121,0.08,0.08,0.017,144,56,142
1630166,Deni Avdija,WAS,2023-24,Ball Handler,75,170,0.159,0.811764706,0.464912281,0.513,0.382,0.241,0.118,0.094,0.029,138,53,114
1626162,Kelly Oubre Jr.,PHI,2023-24,Ball Handler,68,156,0.147,0.858974359,0.376923077,0.419,0.41,0.071,0.122,0.122,0.026,134,49,130
1641705,Victor Wembanyama,SAS,2023-24,Ball Handler,71,174,0.109,0.75862069,0.357723577,0.48,0.299,0.241,0.052,0.046,0,132,44,123
1630544,Tre Mann,CHA,2023-24,Ball Handler,28,162,0.455,0.796296296,0.429752066,0.463,0.364,0.198,0.08,0.074,0.025,129,52,121
1628978,Donte DiVincenzo,NYK,2023-24,Ball Handler,80,133,0.115,0.947368421,0.466666667,0.552,0.406,0.173,0.053,0.053,0.015,126,49,105
203924,Jerami Grant,POR,2023-24,Ball Handler,54,151,0.138,0.821192053,0.447368421,0.447,0.417,0.159,0.099,0.093,0.013,124,51,114
1630702,Jaden Hardy,DAL,2023-24,Ball Handler,73,152,0.264,0.815789474,0.403225806,0.44,0.395,0.118,0.066,0.046,0,124,50,124
201950,Jrue Holiday,BOS,2023-24,Ball Handler,68,165,0.198,0.739393939,0.390625,0.449,0.327,0.2,0.024,0.018,0,122,50,128
1629130,Duncan Robinson,MIA,2023-24,Ball Handler,68,139,0.172,0.870503597,0.424242424,0.525,0.36,0.23,0.072,0.058,0.014,121,42,99
1630625,Dalano Banton,POR,2023-24,Ball Handler,30,152,0.272,0.789473684,0.365217391,0.409,0.368,0.145,0.125,0.112,0.026,120,42,115
1627936,Alex Caruso,CHI,2023-24,Ball Handler,71,128,0.184,0.9296875,0.5,0.583,0.422,0.242,0.109,0.102,0.008,119,42,84
203952,Andrew Wiggins,GSW,2023-24,Ball Handler,71,128,0.134,0.9140625,0.419047619,0.452,0.438,0.086,0.109,0.109,0.016,117,44,105
1631101,Shaedon Sharpe,POR,2023-24,Ball Handler,32,171,0.306,0.678362573,0.3359375,0.387,0.31,0.193,0.058,0.053,0,116,43,128
203501,Tim Hardaway Jr.,DAL,2023-24,Ball Handler,79,118,0.106,0.974576271,0.38,0.465,0.407,0.068,0.102,0.102,0.017,115,38,100
1629022,Lonnie Walker IV,BKN,2023-24,Ball Handler,58,138,0.242,0.833333333,0.415929204,0.469,0.384,0.138,0.058,0.058,0.014,115,47,113
1630591,Jalen Suggs,ORL,2023-24,Ball Handler,75,143,0.156,0.797202797,0.411214953,0.486,0.343,0.217,0.049,0.042,0.014,114,44,107
1630201,Malachi Flynn,DET,2023-24,Ball Handler,24,113,0.543,0.973451327,0.465909091,0.534,0.46,0.124,0.115,0.088,0.018,110,41,88
202691,Klay Thompson,GSW,2023-24,Ball Handler,77,117,0.09,0.94017094,0.47311828,0.548,0.41,0.171,0.034,0.026,0,110,44,93
1641854,Craig Porter Jr.,CLE,2023-24,Ball Handler,51,111,0.375,0.981981982,0.511363636,0.528,0.477,0.117,0.108,0.108,0.018,109,45,88
1631103,Malaki Branham,SAS,2023-24,Ball Handler,75,154,0.206,0.707792208,0.385245902,0.406,0.331,0.182,0.039,0.026,0.013,109,47,122
201976,Patrick Beverley,PHI,2023-24,Ball Handler,47,113,0.355,0.946902655,0.464285714,0.482,0.451,0.15,0.142,0.124,0.035,107,39,84
202711,Bojan Bogdanovic,DET,2023-24,Ball Handler,28,105,0.197,1,0.52,0.593,0.448,0.21,0.086,0.076,0.01,105,39,75
1629018,Gary Trent Jr.,TOR,2023-24,Ball Handler,71,121,0.131,0.867768595,0.4,0.441,0.388,0.066,0.033,0.025,0.008,105,44,110
202692,Alec Burks,DET,2023-24,Ball Handler,43,107,0.218,0.943925234,0.337349398,0.41,0.402,0.084,0.15,0.15,0.009,101,28,83
1641713,GG Jackson,MEM,2023-24,Ball Handler,48,117,0.168,0.846153846,0.369565217,0.451,0.385,0.12,0.103,0.103,0.009,99,34,92
1631170,Jaime Jaquez Jr.,MIA,2023-24,Ball Handler,75,119,0.134,0.831932773,0.475609756,0.482,0.412,0.218,0.101,0.101,0.008,99,39,82
1626166,Cameron Payne,PHI,2023-24,Ball Handler,31,109,0.357,0.871559633,0.393617021,0.473,0.358,0.119,0.037,0.037,0.018,95,37,94
1630540,Miles McBride,NYK,2023-24,Ball Handler,67,102,0.203,0.901960784,0.423913043,0.473,0.412,0.069,0.029,0.01,0,92,39,92
1626181,Norman Powell,LAC,2023-24,Ball Handler,76,113,0.125,0.814159292,0.360824742,0.387,0.381,0.071,0.097,0.088,0.027,92,35,97
202699,Tobias Harris,PHI,2023-24,Ball Handler,70,127,0.112,0.724409449,0.362831858,0.367,0.362,0.071,0.039,0.039,0,92,41,113
202330,Gordon Hayward,CHA,2023-24,Ball Handler,25,102,0.268,0.833333333,0.432432432,0.439,0.422,0.157,0.127,0.118,0.01,85,32,74
203937,Kyle Anderson,MIN,2023-24,Ball Handler,79,119,0.202,0.705882353,0.358974359,0.359,0.37,0.202,0.151,0.143,0.008,84,28,78
1630165,Killian Hayes,DET,2023-24,Ball Handler,42,127,0.361,0.653543307,0.375,0.385,0.323,0.189,0.079,0.055,0.024,83,36,96
203944,Julius Randle,NYK,2023-24,Ball Handler,45,113,0.103,0.725663717,0.402597403,0.442,0.345,0.248,0.097,0.088,0.027,82,31,77
1629638,Nickeil Alexander-Walker,MIN,2023-24,Ball Handler,82,106,0.164,0.632075472,0.3375,0.363,0.302,0.198,0.066,0.057,0.019,67,27,80
201566,Russell Westbrook,LAC,2023-24,Ball Handler,68,101,0.115,0.633663366,0.378787879,0.394,0.317,0.277,0.079,0.079,0.01,64,25,66
202696,Nikola Vučević,CHI,2023-24,Roll Man,76,528,0.381,1.098484848,0.526096033,0.573,0.508,0.061,0.045,0.042,0.013,580,252,479
1626167,Myles Turner,IND,2023-24,Roll Man,76,315,0.277,1.396825397,0.61302682,0.699,0.622,0.044,0.19,0.19,0.063,440,160,261
1630578,Alperen Sengun,HOU,2023-24,Roll Man,63,342,0.262,1.134502924,0.558718861,0.578,0.558,0.07,0.14,0.135,0.032,388,157,281
203076,Anthony Davis,LAL,2023-24,Roll Man,75,331,0.203,1.166163142,0.574468085,0.58,0.571,0.063,0.127,0.124,0.042,386,162,282
1628386,Jarrett Allen,CLE,2023-24,Roll Man,77,266,0.245,1.270676692,0.660550459,0.661,0.639,0.064,0.162,0.158,0.045,338,144,218
1627734,Domantas Sabonis,SAC,2023-24,Roll Man,81,260,0.173,1.226923077,0.615,0.637,0.596,0.092,0.2,0.196,0.062,319,123,200
1631096,Chet Holmgren,OKC,2023-24,Roll Man,82,242,0.201,1.276859504,0.557142857,0.636,0.574,0.041,0.128,0.124,0.037,309,117,210
203999,Nikola Jokić,DEN,2023-24,Roll Man,79,232,0.126,1.280172414,0.616161616,0.654,0.608,0.065,0.103,0.099,0.022,297,122,198
204001,Kristaps Porziņģis,BOS,2023-24,Roll Man,57,200,0.205,1.28,0.544378698,0.672,0.54,0.075,0.09,0.08,0.01,256,92,169
1628389,Bam Adebayo,MIA,2023-24,Roll Man,71,247,0.183,1.036437247,0.512195122,0.515,0.526,0.057,0.13,0.13,0.016,256,105,205
1629028,Deandre Ayton,POR,2023-24,Roll Man,56,233,0.264,1.055793991,0.563106796,0.563,0.528,0.082,0.047,0.043,0.013,246,116,206
1628380,Zach Collins,SAS,2023-24,Roll Man,69,248,0.303,0.991935484,0.449541284,0.514,0.44,0.077,0.065,0.06,0.02,246,98,218
203497,Rudy Gobert,MIN,2023-24,Roll Man,76,188,0.208,1.239361702,0.681481481,0.681,0.638,0.112,0.234,0.223,0.064,233,92,135
201572,Brook Lopez,MIL,2023-24,Roll Man,78,196,0.222,1.178571429,0.457142857,0.58,0.49,0.026,0.102,0.102,0.02,231,80,175
1629021,Moritz Wagner,ORL,2023-24,Roll Man,80,173,0.237,1.329479769,0.643939394,0.667,0.636,0.087,0.225,0.22,0.075,230,85,132
203954,Joel Embiid,PHI,2023-24,Roll Man,39,194,0.161,1.108247423,0.51048951,0.556,0.531,0.108,0.165,0.144,0.01,215,73,143
1631105,Jalen Duren,DET,2023-24,Roll Man,61,160,0.209,1.3125,0.671641791,0.672,0.65,0.075,0.138,0.138,0.05,210,90,134
1627826,Ivica Zubac,LAC,2023-24,Roll Man,68,169,0.249,1.224852071,0.669291339,0.669,0.639,0.101,0.172,0.172,0.024,207,85,127
202685,Jonas Valančiūnas,NOP,2023-24,Roll Man,81,163,0.179,1.257668712,0.597222222,0.639,0.601,0.043,0.086,0.08,0.012,205,86,144
1641705,Victor Wembanyama,SAS,2023-24,Roll Man,71,176,0.11,1.142045455,0.524137931,0.586,0.523,0.085,0.125,0.125,0.034,201,76,145
1628381,John Collins,UTA,2023-24,Roll Man,68,133,0.144,1.466165414,0.663793103,0.737,0.662,0.045,0.143,0.128,0.06,195,77,116
1629651,Nic Claxton,BKN,2023-24,Roll Man,71,164,0.216,1.170731707,0.614285714,0.614,0.591,0.073,0.098,0.098,0.024,192,86,140
1626157,Karl-Anthony Towns,MIN,2023-24,Roll Man,62,124,0.099,1.443548387,0.586538462,0.721,0.597,0.056,0.153,0.137,0.048,179,61,104
1630208,Nick Richards,CHA,2023-24,Roll Man,67,130,0.245,1.369230769,0.663157895,0.663,0.7,0.038,0.269,0.269,0.038,178,63,95
203991,Clint Capela,ATL,2023-24,Roll Man,73,152,0.194,1.164473684,0.59375,0.594,0.605,0.039,0.145,0.145,0.026,177,76,128
203507,Giannis Antetokounmpo,MIL,2023-24,Roll Man,72,140,0.072,1.228571429,0.652173913,0.652,0.643,0.064,0.171,0.171,0.057,172,75,115
1626171,Bobby Portis,MIL,2023-24,Roll Man,81,133,0.127,1.22556391,0.545454545,0.632,0.534,0.045,0.06,0.053,0.015,163,66,121
1641871,Duop Reath,POR,2023-24,Roll Man,68,161,0.272,1.00621118,0.427536232,0.504,0.46,0.043,0.124,0.124,0.025,162,59,138
1630194,Paul Reed,PHI,2023-24,Roll Man,82,132,0.228,1.212121212,0.583333333,0.613,0.583,0.03,0.106,0.106,0.045,160,70,120
1627751,Jakob Poeltl,TOR,2023-24,Roll Man,50,112,0.224,1.294642857,0.68,0.68,0.643,0.063,0.089,0.089,0.045,145,68,100
1630168,Onyeka Okongwu,ATL,2023-24,Roll Man,55,102,0.221,1.37254902,0.698795181,0.699,0.686,0.059,0.157,0.157,0.029,140,58,83
1628374,Lauri Markkanen,UTA,2023-24,Roll Man,55,101,0.092,1.346534653,0.516483516,0.698,0.515,0.04,0.059,0.059,0,136,47,91
1628991,Jaren Jackson Jr.,MEM,2023-24,Roll Man,66,142,0.095,0.936619718,0.379310345,0.431,0.444,0.049,0.162,0.148,0.028,133,44,116
2544,LeBron James,LAL,2023-24,Roll Man,70,103,0.063,1.27184466,0.619047619,0.69,0.573,0.117,0.136,0.136,0.068,131,52,84
1629675,Naz Reid,MIN,2023-24,Roll Man,81,104,0.101,1.230769231,0.527472527,0.665,0.49,0.087,0.058,0.058,0.019,128,48,91
1630552,Jalen Johnson,ATL,2023-24,Roll Man,56,106,0.122,1.179245283,0.565217391,0.603,0.557,0.066,0.104,0.104,0.038,125,52,92
1630596,Evan Mobley,CLE,2023-24,Roll Man,50,122,0.17,1.008196721,0.52688172,0.527,0.533,0.107,0.148,0.131,0.016,123,49,93
1629023,P.J. Washington,CHA,2023-24,Roll Man,44,106,0.173,1.066037736,0.443298969,0.531,0.434,0.057,0.085,0.085,0.057,113,43,97
1628392,Isaiah Hartenstein,NYK,2023-24,Roll Man,74,108,0.208,1.009259259,0.544303797,0.544,0.537,0.13,0.176,0.157,0.037,109,43,79
1628976,Wendell Carter Jr.,ORL,2023-24,Roll Man,55,100,0.18,1.03,0.5125,0.55,0.5,0.09,0.12,0.11,0.01,103,41,80
203967,Dario Saric,GSW,2023-24,Roll Man,64,103,0.204,0.873786408,0.322222222,0.433,0.35,0.058,0.068,0.068,0,90,29,90
1629027,Trae Young,ATL,2024-25,Ball Handler,76,933,0.475,0.935691318,0.416541353,0.508,0.403,0.179,0.125,0.102,0.017,873,277,665
1628983,Shai Gilgeous-Alexander,OKC,2024-25,Ball Handler,76,726,0.342,1.104683196,0.510018215,0.553,0.514,0.114,0.165,0.147,0.036,802,280,549
1630595,Cade Cunningham,DET,2024-25,Ball Handler,70,780,0.407,0.926923077,0.464106845,0.518,0.426,0.162,0.085,0.076,0.014,723,278,599
1630162,Anthony Edwards,MIN,2024-25,Ball Handler,79,688,0.333,1.021802326,0.438697318,0.547,0.427,0.145,0.128,0.109,0.032,703,229,522
1630224,Jalen Green,HOU,2024-25,Ball Handler,82,762,0.428,0.921259843,0.422077922,0.489,0.408,0.125,0.088,0.081,0.021,702,260,616
1628378,Donovan Mitchell,CLE,2024-25,Ball Handler,71,673,0.417,1.007429421,0.445652174,0.518,0.444,0.098,0.104,0.094,0.022,678,246,552
1629636,Darius Garland,CLE,2024-25,Ball Handler,75,627,0.427,1.023923445,0.471172962,0.553,0.447,0.129,0.083,0.08,0.014,642,237,503
1628973,Jalen Brunson,NYK,2024-25,Ball Handler,65,610,0.394,1.039344262,0.455508475,0.514,0.477,0.097,0.154,0.134,0.025,634,215,472
203081,Damian Lillard,MIL,2024-25,Ball Handler,58,523,0.398,1.072657744,0.452631579,0.534,0.463,0.138,0.153,0.141,0.017,561,172,380
1630169,Tyrese Haliburton,IND,2024-25,Ball Handler,73,466,0.384,1.111587983,0.459798995,0.567,0.459,0.079,0.088,0.075,0.021,518,183,398
1626164,Devin Booker,PHX,2024-25,Ball Handler,75,554,0.301,0.935018051,0.427207637,0.479,0.422,0.144,0.119,0.114,0.02,518,179,419
1629639,Tyler Herro,MIA,2024-25,Ball Handler,77,563,0.331,0.907637655,0.453051643,0.52,0.4,0.185,0.082,0.076,0.023,511,193,426
1628369,Jayson Tatum,BOS,2024-25,Ball Handler,72,530,0.286,0.954716981,0.410071942,0.522,0.389,0.145,0.083,0.072,0.015,506,171,417
1629014,Anfernee Simons,POR,2024-25,Ball Handler,70,496,0.369,0.987903226,0.442542787,0.522,0.421,0.119,0.077,0.075,0.02,490,181,409
1627750,Jamal Murray,DEN,2024-25,Ball Handler,67,463,0.34,0.997840173,0.472868217,0.531,0.447,0.112,0.06,0.054,0.009,462,183,387
1631114,Jalen Williams,OKC,2024-25,Ball Handler,69,499,0.345,0.869739479,0.430851064,0.448,0.423,0.138,0.128,0.118,0.02,434,162,376
1630178,Tyrese Maxey,PHI,2024-25,Ball Handler,52,441,0.331,0.979591837,0.419786096,0.501,0.415,0.093,0.082,0.077,0.023,432,157,374
1630163,LaMelo Ball,CHA,2024-25,Ball Handler,47,470,0.372,0.90212766,0.393700787,0.478,0.383,0.126,0.083,0.074,0.019,424,150,381
201935,James Harden,LAC,2024-25,Ball Handler,79,503,0.27,0.842942346,0.390804598,0.466,0.358,0.221,0.111,0.101,0.024,424,136,348
1629673,Jordan Poole,WAS,2024-25,Ball Handler,68,424,0.307,0.978773585,0.428125,0.533,0.415,0.153,0.101,0.085,0.009,415,137,320
201942,DeMar DeRozan,SAC,2024-25,Ball Handler,77,389,0.245,1.059125964,0.504885993,0.518,0.522,0.087,0.159,0.147,0.036,412,155,307
1630559,Austin Reaves,LAL,2024-25,Ball Handler,73,410,0.301,1.002439024,0.464539007,0.546,0.434,0.193,0.161,0.144,0.041,411,131,282
1629632,Coby White,CHI,2024-25,Ball Handler,74,407,0.286,0.911547912,0.434210526,0.488,0.405,0.172,0.103,0.091,0.022,371,132,304
1630532,Franz Wagner,ORL,2024-25,Ball Handler,60,386,0.268,0.943005181,0.459459459,0.492,0.453,0.132,0.117,0.117,0.016,364,136,296
204456,T.J. McConnell,IND,2024-25,Ball Handler,79,388,0.505,0.912371134,0.501557632,0.506,0.456,0.129,0.049,0.041,0.005,354,161,321
201939,Stephen Curry,GSW,2024-25,Ball Handler,70,401,0.254,0.855361596,0.371069182,0.465,0.349,0.152,0.07,0.065,0.015,343,118,318
1628368,De'Aaron Fox,SAC,2024-25,Ball Handler,45,319,0.283,1.072100313,0.5390625,0.578,0.505,0.125,0.091,0.091,0.019,342,138,256
1629660,Ty Jerome,CLE,2024-25,Ball Handler,70,330,0.429,1.027272727,0.48046875,0.537,0.461,0.133,0.127,0.121,0.036,339,123,256
1641718,Keyonte George,UTA,2024-25,Ball Handler,67,385,0.316,0.831168831,0.365517241,0.457,0.353,0.169,0.094,0.075,0.016,320,106,290
1631101,Shaedon Sharpe,POR,2024-25,Ball Handler,72,341,0.252,0.920821114,0.41754386,0.474,0.413,0.1,0.088,0.079,0.023,314,119,285
1628370,Malik Monk,SAC,2024-25,Ball Handler,65,324,0.277,0.904320988,0.446640316,0.5,0.404,0.164,0.077,0.071,0.022,293,113,253
203468,CJ McCollum,NOP,2024-25,Ball Handler,56,315,0.266,0.923809524,0.453125,0.508,0.425,0.13,0.067,0.057,0.01,291,116,256
1629012,Collin Sexton,UTA,2024-25,Ball Handler,63,311,0.274,0.932475884,0.484444444,0.533,0.447,0.174,0.119,0.103,0.016,290,109,225
1629630,Ja Morant,MEM,2024-25,Ball Handler,50,345,0.285,0.834782609,0.430278884,0.462,0.394,0.191,0.104,0.087,0.023,288,108,251
1627832,Fred VanVleet,HOU,2024-25,Ball Handler,60,328,0.364,0.865853659,0.375451264,0.451,0.372,0.098,0.064,0.055,0.006,284,104,277
1628970,Miles Bridges,CHA,2024-25,Ball Handler,64,338,0.255,0.840236686,0.366037736,0.409,0.391,0.112,0.124,0.118,0.021,284,97,265
202681,Kyrie Irving,DAL,2024-25,Ball Handler,50,258,0.227,1.065891473,0.471153846,0.531,0.477,0.097,0.132,0.128,0.035,275,98,208
101108,Chris Paul,SAS,2024-25,Ball Handler,82,289,0.389,0.937716263,0.453333333,0.558,0.381,0.194,0.035,0.031,0.007,271,102,225
1630217,Desmond Bane,MEM,2024-25,Ball Handler,69,285,0.227,0.933333333,0.424489796,0.496,0.404,0.102,0.042,0.039,0.004,266,104,245
2544,LeBron James,LAL,2024-25,Ball Handler,70,297,0.178,0.888888889,0.474885845,0.541,0.404,0.202,0.074,0.067,0.013,264,104,219
1628401,Derrick White,BOS,2024-25,Ball Handler,76,266,0.229,0.977443609,0.411483254,0.526,0.398,0.139,0.086,0.064,0.011,260,86,209
1631094,Paolo Banchero,ORL,2024-25,Ball Handler,46,292,0.241,0.890410959,0.401746725,0.461,0.408,0.12,0.134,0.127,0.038,260,92,229
1642264,Stephon Castle,SAS,2024-25,Ball Handler,81,312,0.237,0.807692308,0.381818182,0.427,0.391,0.17,0.151,0.144,0.026,252,84,220
1630166,Deni Avdija,POR,2024-25,Ball Handler,72,260,0.217,0.953846154,0.502994012,0.572,0.435,0.242,0.165,0.154,0.05,248,84,167
1630703,Scoot Henderson,POR,2024-25,Ball Handler,66,300,0.313,0.823333333,0.423963134,0.493,0.37,0.203,0.087,0.07,0.013,247,92,217
203897,Zach LaVine,TOT,2024-25,Ball Handler,74,397,0.25756927,0.939546599,0.4375,0.538853904,0.393065491,0.176790932,0.071,0.065536524,0.012644836,373,133,304
1630581,Josh Giddey,CHI,2024-25,Ball Handler,70,287,0.261,0.825783972,0.454081633,0.474,0.415,0.213,0.122,0.111,0.017,237,89,196
1629628,RJ Barrett,TOR,2024-25,Ball Handler,58,274,0.213,0.857664234,0.491803279,0.503,0.438,0.204,0.153,0.153,0.026,235,90,183
1631097,Bennedict Mathurin,IND,2024-25,Ball Handler,72,263,0.23,0.885931559,0.40625,0.448,0.43,0.133,0.148,0.137,0.011,233,78,192
1626181,Norman Powell,LAC,2024-25,Ball Handler,60,220,0.188,1.05,0.482758621,0.546,0.477,0.109,0.109,0.105,0.009,231,84,174
1630567,Scottie Barnes,TOR,2024-25,Ball Handler,65,276,0.2,0.836956522,0.441747573,0.461,0.417,0.163,0.116,0.105,0.025,231,91,206
1642267,Bub Carrington,WAS,2024-25,Ball Handler,82,271,0.295,0.848708487,0.417040359,0.489,0.362,0.155,0.033,0.026,0.011,230,93,223
1629029,Luka Dončić,TOT,2024-25,Ball Handler,50,460,0.338652174,0.947826087,0.414705882,0.494956522,0.417434783,0.145756522,0.15446087,0.143513043,0.039121739,436,141,340
1627749,Dejounte Murray,NOP,2024-25,Ball Handler,31,280,0.431,0.775,0.386792453,0.439,0.354,0.182,0.082,0.079,0.021,217,82,212
201142,Kevin Durant,PHX,2024-25,Ball Handler,62,234,0.159,0.914529915,0.49382716,0.519,0.453,0.192,0.124,0.12,0.009,214,80,162
1627759,Jaylen Brown,BOS,2024-25,Ball Handler,63,247,0.174,0.862348178,0.408839779,0.464,0.397,0.166,0.126,0.121,0.024,213,74,181
203915,Spencer Dinwiddie,DAL,2024-25,Ball Handler,79,231,0.262,0.909090909,0.402234637,0.461,0.398,0.134,0.13,0.13,0.039,210,72,179
203507,Giannis Antetokounmpo,MIL,2024-25,Ball Handler,67,208,0.114,1,0.529801325,0.556,0.495,0.139,0.178,0.163,0.043,208,80,151
1626166,Cameron Payne,NYK,2024-25,Ball Handler,72,200,0.384,0.985,0.448863636,0.52,0.425,0.09,0.04,0.035,0.01,197,79,176
1629614,Andrew Nembhard,IND,2024-25,Ball Handler,65,202,0.283,0.955445545,0.506944444,0.538,0.465,0.173,0.129,0.104,0.015,193,73,144
1630202,Payton Pritchard,BOS,2024-25,Ball Handler,80,170,0.172,1.105882353,0.479452055,0.613,0.447,0.106,0.035,0.024,0,188,70,146
1630591,Jalen Suggs,ORL,2024-25,Ball Handler,35,202,0.321,0.910891089,0.44295302,0.5,0.406,0.183,0.104,0.079,0.025,184,66,149
1626145,Tyus Jones,PHX,2024-25,Ball Handler,81,225,0.28,0.817777778,0.423076923,0.464,0.378,0.156,0.036,0.022,0,184,77,182
203078,Bradley Beal,PHX,2024-25,Ball Handler,53,215,0.251,0.846511628,0.419753086,0.454,0.405,0.158,0.102,0.093,0.014,182,68,162
1630560,Cam Thomas,BKN,2024-25,Ball Handler,25,176,0.304,1.028409091,0.4375,0.512,0.455,0.131,0.176,0.165,0.034,181,56,128
1630170,Devin Vassell,SAS,2024-25,Ball Handler,64,197,0.193,0.913705584,0.463855422,0.491,0.426,0.117,0.071,0.071,0.03,180,77,166
1641710,Anthony Black,ORL,2024-25,Ball Handler,78,263,0.311,0.680608365,0.360946746,0.376,0.35,0.236,0.148,0.141,0.027,179,61,169
1628969,Mikal Bridges,NYK,2024-25,Ball Handler,82,176,0.129,1,0.530612245,0.558,0.483,0.125,0.04,0.034,0,176,78,147
1630631,Jose Alvarado,NOP,2024-25,Ball Handler,56,217,0.342,0.806451613,0.381818182,0.452,0.35,0.175,0.083,0.078,0.018,175,63,165
1630175,Cole Anthony,ORL,2024-25,Ball Handler,67,227,0.326,0.735682819,0.378698225,0.405,0.348,0.185,0.088,0.079,0.018,167,64,169
1641733,Nick Smith Jr.,CHA,2024-25,Ball Handler,60,185,0.277,0.848648649,0.420382166,0.478,0.373,0.135,0.016,0.016,0,157,66,157
1630700,Dyson Daniels,ATL,2024-25,Ball Handler,76,175,0.153,0.88,0.485294118,0.496,0.434,0.154,0.097,0.097,0.029,154,66,136
201566,Russell Westbrook,DEN,2024-25,Ball Handler,75,237,0.202,0.637130802,0.405594406,0.437,0.3,0.321,0.093,0.084,0.017,151,58,143
1626156,D'Angelo Russell,TOT,2024-25,Ball Handler,58,296,0.369074324,0.915540541,0.391891892,0.463324324,0.402074324,0.138527027,0.131594595,0.118466216,0.020060811,271,87,222
202695,Kawhi Leonard,LAC,2024-25,Ball Handler,37,159,0.214,0.93081761,0.449275362,0.496,0.421,0.101,0.044,0.044,0.013,148,62,138
1626179,Terry Rozier,MIA,2024-25,Ball Handler,64,191,0.252,0.77486911,0.372670807,0.416,0.351,0.115,0.042,0.037,0,148,60,161
1629645,Kevin Porter Jr.,TOT,2024-25,Ball Handler,75,295,0.352071186,0.942372881,0.472727273,0.517877966,0.433752542,0.166250847,0.105271186,0.102098305,0.016837288,278,104,220
201144,Mike Conley,MIN,2024-25,Ball Handler,71,169,0.292,0.869822485,0.385826772,0.492,0.355,0.183,0.065,0.059,0,147,49,127
1641731,Bilal Coulibaly,WAS,2024-25,Ball Handler,59,214,0.257,0.686915888,0.364238411,0.384,0.336,0.201,0.126,0.112,0.033,147,55,151
1630193,Immanuel Quickley,TOR,2024-25,Ball Handler,33,153,0.279,0.954248366,0.41025641,0.487,0.425,0.124,0.131,0.118,0.02,146,48,117
203952,Andrew Wiggins,GSW,2024-25,Ball Handler,43,170,0.235,0.858823529,0.35971223,0.41,0.388,0.082,0.135,0.129,0.035,146,50,139
203903,Jordan Clarkson,UTA,2024-25,Ball Handler,37,164,0.257,0.884146341,0.426229508,0.492,0.39,0.177,0.091,0.067,0.012,145,52,122
202331,Paul George,PHI,2024-25,Ball Handler,41,175,0.245,0.822857143,0.402985075,0.478,0.36,0.183,0.069,0.069,0.017,144,54,134
203471,Dennis Schröder,TOT,2024-25,Ball Handler,75,407,0.383800983,0.847665848,0.413793103,0.45231941,0.400240786,0.137665848,0.093425061,0.076132678,0.014786241,345,132,319
1642347,Jamal Shead,TOR,2024-25,Ball Handler,75,189,0.293,0.746031746,0.408450704,0.44,0.339,0.217,0.074,0.074,0.042,141,58,142
203995,Vasilije Micic,CHA,2024-25,Ball Handler,36,197,0.54,0.710659898,0.337662338,0.409,0.294,0.183,0.046,0.036,0.01,140,52,154
1642268,Isaiah Collier,UTA,2024-25,Ball Handler,71,221,0.266,0.633484163,0.35,0.389,0.303,0.276,0.109,0.086,0.018,140,49,140
1631204,Marcus Sasser,DET,2024-25,Ball Handler,57,134,0.358,0.985074627,0.471698113,0.552,0.418,0.164,0.06,0.052,0.015,132,50,106
1641764,Brandin Podziemski,GSW,2024-25,Ball Handler,64,148,0.198,0.864864865,0.386554622,0.45,0.399,0.108,0.101,0.088,0.014,128,46,119
1641708,Amen Thompson,HOU,2024-25,Ball Handler,69,150,0.158,0.84,0.419642857,0.424,0.433,0.127,0.147,0.14,0.02,126,47,112
1630230,Naji Marshall,DAL,2024-25,Ball Handler,69,119,0.133,1.042016807,0.532608696,0.538,0.521,0.118,0.151,0.143,0.042,124,49,92
1629661,Cameron Johnson,BKN,2024-25,Ball Handler,57,136,0.145,0.911764706,0.436893204,0.485,0.419,0.154,0.096,0.066,0.007,124,45,103
1631093,Jaden Ivey,DET,2024-25,Ball Handler,30,147,0.264,0.829931973,0.4,0.459,0.388,0.163,0.102,0.088,0.014,122,44,110
1641706,Brandon Miller,CHA,2024-25,Ball Handler,27,166,0.276,0.734939759,0.298507463,0.373,0.307,0.12,0.084,0.084,0.012,122,40,134
1630702,Jaden Hardy,DAL,2024-25,Ball Handler,57,132,0.248,0.916666667,0.484536082,0.526,0.439,0.182,0.098,0.091,0.015,121,47,97
203999,Nikola Jokić,DEN,2024-25,Ball Handler,70,121,0.068,0.991735537,0.488372093,0.61,0.438,0.198,0.107,0.083,0.017,120,42,86
1630530,Trey Murphy III,NOP,2024-25,Ball Handler,53,156,0.15,0.762820513,0.330434783,0.404,0.34,0.167,0.109,0.103,0.013,119,38,115
1630540,Miles McBride,NYK,2024-25,Ball Handler,64,117,0.191,1.008547009,0.461538462,0.538,0.436,0.085,0.026,0.017,0,118,48,104
1626162,Kelly Oubre Jr.,PHI,2024-25,Ball Handler,60,135,0.151,0.866666667,0.440366972,0.459,0.422,0.119,0.119,0.119,0.044,117,48,109
1630228,Jonathan Kuminga,GSW,2024-25,Ball Handler,47,146,0.194,0.794520548,0.396396396,0.41,0.425,0.096,0.158,0.151,0.014,116,44,111
1630625,Dalano Banton,POR,2024-25,Ball Handler,67,171,0.265,0.678362573,0.318518519,0.348,0.327,0.129,0.105,0.099,0.023,116,43,135
1627763,Malcolm Brogdon,WAS,2024-25,Ball Handler,24,131,0.408,0.877862595,0.40952381,0.414,0.435,0.092,0.13,0.115,0.023,115,43,105
1629656,Quentin Grimes,PHI,2024-25,Ball Handler,28,143,0.242,0.804195804,0.388349515,0.447,0.364,0.182,0.126,0.091,0.028,115,40,103
1630245,Ayo Dosunmu,CHI,2024-25,Ball Handler,46,105,0.191,1.057142857,0.578313253,0.596,0.505,0.162,0.076,0.076,0.029,111,48,83
1629130,Duncan Robinson,MIA,2024-25,Ball Handler,74,127,0.165,0.866141732,0.412371134,0.557,0.323,0.228,0.008,0.008,0,110,40,97
1629627,Zion Williamson,NOP,2024-25,Ball Handler,30,108,0.154,1.009259259,0.526315789,0.533,0.528,0.102,0.222,0.213,0.028,109,40,76
1628978,Donte DiVincenzo,MIN,2024-25,Ball Handler,62,129,0.179,0.84496124,0.402061856,0.521,0.341,0.209,0.039,0.031,0,109,39,97
1629659,Talen Horton-Tucker,CHI,2024-25,Ball Handler,58,107,0.285,0.990654206,0.456790123,0.488,0.477,0.112,0.187,0.187,0.056,106,37,81
1641729,Brice Sensabaugh,UTA,2024-25,Ball Handler,71,108,0.147,0.888888889,0.430379747,0.563,0.343,0.241,0.037,0.028,0.009,96,34,79
1642273,Kyshawn George,WAS,2024-25,Ball Handler,68,116,0.169,0.801724138,0.397727273,0.477,0.345,0.19,0.06,0.052,0.009,93,35,88
1629638,Nickeil Alexander-Walker,MIN,2024-25,Ball Handler,82,140,0.183,0.657142857,0.373626374,0.407,0.314,0.279,0.093,0.086,0.021,92,34,91
1630570,Trendon Watford,BKN,2024-25,Ball Handler,44,102,0.209,0.882352941,0.52173913,0.529,0.451,0.225,0.118,0.098,0.02,90,36,69
1630553,Keon Johnson,BKN,2024-25,Ball Handler,79,131,0.137,0.687022901,0.37254902,0.387,0.328,0.183,0.069,0.061,0.031,90,38,102
1627736,Malik Beasley,DET,2024-25,Ball Handler,82,127,0.105,0.700787402,0.285714286,0.357,0.283,0.087,0.047,0.047,0.016,89,32,112
1630596,Evan Mobley,CLE,2024-25,Ball Handler,71,112,0.095,0.785714286,0.395061728,0.42,0.375,0.161,0.161,0.152,0.045,88,32,81
1642272,Jared McCain,PHI,2024-25,Ball Handler,23,100,0.298,0.86,0.415584416,0.455,0.4,0.15,0.09,0.08,0.01,86,32,77
1631170,Jaime Jaquez Jr.,MIA,2024-25,Ball Handler,66,109,0.176,0.770642202,0.464788732,0.479,0.394,0.248,0.128,0.128,0.028,84,33,71
1630215,Jared Butler,PHI,2024-25,Ball Handler,28,122,0.351,0.655737705,0.365853659,0.396,0.311,0.254,0.082,0.082,0.008,80,30,82
1642354,KJ Simpson,CHA,2024-25,Ball Handler,36,121,0.32,0.652892562,0.306930693,0.347,0.289,0.132,0.041,0.033,0.008,79,31,101
1630527,Brandon Boston,NOP,2024-25,Ball Handler,42,105,0.223,0.742857143,0.361445783,0.404,0.343,0.152,0.067,0.067,0.01,78,30,83
1630552,Jalen Johnson,ATL,2024-25,Ball Handler,36,100,0.142,0.76,0.458333333,0.486,0.36,0.24,0.06,0.06,0.02,76,33,72
1628398,Kyle Kuzma,WAS,2024-25,Ball Handler,32,109,0.191,0.697247706,0.38961039,0.416,0.339,0.211,0.101,0.073,0.018,76,30,77
1630558,Davion Mitchell,TOR,2024-25,Ball Handler,44,101,0.301,0.742574257,0.509090909,0.582,0.347,0.386,0.079,0.04,0.01,75,28,55
1627742,Brandon Ingram,NOP,2024-25,Ball Handler,18,105,0.247,0.714285714,0.38961039,0.429,0.333,0.219,0.048,0.048,0,75,30,77
1630590,Scotty Pippen Jr.,MEM,2024-25,Ball Handler,79,102,0.126,0.647058824,0.342465753,0.356,0.294,0.225,0.108,0.098,0.049,66,25,73
202696,Nikola Vučević,CHI,2024-25,Roll Man,73,345,0.283,1.144927536,0.52681388,0.584,0.513,0.046,0.058,0.052,0.023,395,167,317
1627734,Domantas Sabonis,SAC,2024-25,Roll Man,70,275,0.224,1.221818182,0.575107296,0.629,0.575,0.062,0.12,0.12,0.029,336,134,233
1628386,Jarrett Allen,CLE,2024-25,Roll Man,82,250,0.289,1.308,0.685,0.685,0.66,0.076,0.168,0.164,0.044,327,137,200
1626167,Myles Turner,IND,2024-25,Roll Man,72,290,0.279,1.110344828,0.469387755,0.547,0.493,0.059,0.124,0.121,0.028,322,115,245
1627826,Ivica Zubac,LAC,2024-25,Roll Man,80,228,0.196,1.245614035,0.664974619,0.665,0.627,0.075,0.079,0.079,0.018,284,131,197
203999,Nikola Jokić,DEN,2024-25,Roll Man,70,214,0.12,1.289719626,0.581920904,0.65,0.593,0.061,0.14,0.117,0.028,276,103,177
201572,Brook Lopez,MIL,2024-25,Roll Man,80,222,0.242,1.202702703,0.49,0.59,0.514,0.027,0.095,0.095,0.023,267,98,200
1630578,Alperen Sengun,HOU,2024-25,Roll Man,76,279,0.182,0.94265233,0.467248908,0.478,0.477,0.072,0.129,0.125,0.022,263,107,229
1630168,Onyeka Okongwu,ATL,2024-25,Roll Man,74,198,0.227,1.282828283,0.647798742,0.664,0.646,0.066,0.172,0.172,0.04,254,103,159
1626157,Karl-Anthony Towns,NYK,2024-25,Roll Man,72,198,0.126,1.252525253,0.55,0.613,0.581,0.056,0.172,0.167,0.035,248,88,160
1628389,Bam Adebayo,MIA,2024-25,Roll Man,78,254,0.179,0.964566929,0.469767442,0.493,0.472,0.075,0.098,0.098,0.02,245,101,215
203076,Anthony Davis,LAL,2024-25,Roll Man,42,190,0.192,1.226315789,0.560240964,0.605,0.563,0.053,0.111,0.105,0.037,233,93,166
1627751,Jakob Poeltl,TOR,2024-25,Roll Man,57,188,0.249,1.20212766,0.638554217,0.639,0.606,0.064,0.069,0.059,0.016,226,106,166
1642259,Alex Sarr,WAS,2024-25,Roll Man,67,268,0.263,0.787313433,0.336206897,0.399,0.354,0.067,0.071,0.067,0.004,211,78,232
1642274,Yves Missi,NOP,2024-25,Roll Man,73,182,0.274,1.115384615,0.591240876,0.591,0.571,0.071,0.214,0.209,0.038,203,81,137
204001,Kristaps Porziņģis,BOS,2024-25,Roll Man,42,155,0.216,1.270967742,0.503703704,0.633,0.516,0.045,0.123,0.123,0.039,197,68,135
203497,Rudy Gobert,MIN,2024-25,Roll Man,72,162,0.223,1.209876543,0.666666667,0.667,0.63,0.099,0.216,0.21,0.037,196,78,117
1641705,Victor Wembanyama,SAS,2024-25,Roll Man,46,163,0.15,1.165644172,0.486111111,0.583,0.479,0.061,0.098,0.098,0.043,190,70,144
1631109,Mark Williams,CHA,2024-25,Roll Man,44,170,0.288,1.094117647,0.535433071,0.535,0.559,0.088,0.212,0.206,0.047,186,68,127
1627824,Guerschon Yabusele,PHI,2024-25,Roll Man,70,163,0.23,1.122699387,0.47972973,0.578,0.472,0.049,0.049,0.049,0.006,183,71,148
203507,Giannis Antetokounmpo,MIL,2024-25,Roll Man,67,156,0.085,1.16025641,0.62601626,0.634,0.596,0.058,0.199,0.186,0.045,181,77,123
1629028,Deandre Ayton,POR,2024-25,Roll Man,40,159,0.281,1.125786164,0.581560284,0.592,0.566,0.063,0.069,0.057,0.019,179,82,141
1628392,Isaiah Hartenstein,OKC,2024-25,Roll Man,57,155,0.246,1.129032258,0.626984127,0.627,0.581,0.103,0.097,0.097,0.013,175,79,126
1630596,Evan Mobley,CLE,2024-25,Roll Man,71,149,0.126,1.167785235,0.535714286,0.594,0.564,0.074,0.215,0.195,0.04,174,60,112
1642276,Kel'el Ware,MIA,2024-25,Roll Man,64,133,0.24,1.203007519,0.598290598,0.615,0.594,0.053,0.098,0.098,0.03,160,70,117
1631105,Jalen Duren,DET,2024-25,Roll Man,78,127,0.16,1.212598425,0.698924731,0.699,0.63,0.11,0.197,0.189,0.039,154,65,93
1627783,Pascal Siakam,IND,2024-25,Roll Man,78,137,0.096,1.102189781,0.472440945,0.551,0.482,0.022,0.066,0.066,0.015,151,60,127
202685,Jonas Valančiūnas,WAS,2024-25,Roll Man,49,129,0.231,1.147286822,0.548672566,0.562,0.558,0.047,0.109,0.109,0.031,148,62,113
1629675,Naz Reid,MIN,2024-25,Roll Man,80,141,0.129,1.04964539,0.422764228,0.533,0.426,0.064,0.085,0.085,0.021,148,52,123
1629651,Nic Claxton,BKN,2024-25,Roll Man,70,123,0.169,1.056910569,0.59,0.59,0.553,0.057,0.154,0.138,0.024,130,59,100
1626171,Bobby Portis,MIL,2024-25,Roll Man,49,108,0.158,1.194444444,0.5,0.605,0.5,0.037,0.056,0.056,0.019,129,50,100
1630188,Jalen Smith,CHI,2024-25,Roll Man,64,111,0.229,1.162162162,0.49,0.58,0.495,0.045,0.09,0.09,0.036,129,49,100
203991,Clint Capela,ATL,2024-25,Roll Man,55,117,0.243,1.05982906,0.56,0.56,0.547,0.043,0.111,0.103,0.009,124,56,100
1629655,Daniel Gafford,DAL,2024-25,Roll Man,57,104,0.187,1.163461538,0.629213483,0.629,0.606,0.077,0.087,0.087,0.019,121,56,89
203954,Joel Embiid,PHI,2024-25,Roll Man,19,113,0.247,1.07079646,0.469879518,0.542,0.487,0.124,0.15,0.15,0.009,121,39,83
1628976,Wendell Carter Jr.,ORL,2024-25,Roll Man,68,117,0.18,1.034188034,0.494505495,0.527,0.521,0.068,0.171,0.162,0.017,121,45,91
1631117,Walker Kessler,UTA,2024-25,Roll Man,58,110,0.194,1.045454545,0.577777778,0.578,0.527,0.109,0.118,0.118,0.045,115,52,90
1628374,Lauri Markkanen,UTA,2024-25,Roll Man,47,100,0.118,0.97,0.340909091,0.483,0.36,0.06,0.07,0.05,0.01,97,30,88
1628983,Shai Gilgeous-Alexander,OKC,2025-26,Ball Handler,63,578,0.36,1.198961938,0.546275395,0.586,0.559,0.093,0.18,0.168,0.04,693,242,443
1629029,Luka Dončić,LAL,2025-26,Ball Handler,60,648,0.347,1.038580247,0.466244726,0.546,0.468,0.133,0.164,0.142,0.028,673,221,474
1628973,Jalen Brunson,NYK,2025-26,Ball Handler,70,579,0.34,1.013816926,0.456521739,0.515,0.454,0.114,0.124,0.105,0.033,587,210,460
1628378,Donovan Mitchell,CLE,2025-26,Ball Handler,67,568,0.335,1.017605634,0.474770642,0.529,0.465,0.129,0.123,0.092,0.019,578,207,436
1627750,Jamal Murray,DEN,2025-26,Ball Handler,73,551,0.337,1.036297641,0.470852018,0.549,0.454,0.118,0.094,0.08,0.022,571,210,446
1630163,LaMelo Ball,CHA,2025-26,Ball Handler,69,593,0.407,0.871838111,0.389583333,0.479,0.364,0.142,0.056,0.042,0.007,517,187,480
1630595,Cade Cunningham,DET,2025-26,Ball Handler,62,552,0.369,0.932971014,0.459016393,0.521,0.418,0.159,0.094,0.087,0.027,515,196,427
1630178,Tyrese Maxey,PHI,2025-26,Ball Handler,67,504,0.285,0.920634921,0.399014778,0.464,0.413,0.103,0.103,0.087,0.012,464,162,406
1626164,Devin Booker,PHX,2025-26,Ball Handler,61,495,0.322,0.927272727,0.430851064,0.477,0.426,0.141,0.123,0.105,0.024,459,162,376
1631157,Ryan Rollins,MIL,2025-26,Ball Handler,71,494,0.396,0.886639676,0.45177665,0.513,0.403,0.16,0.051,0.043,0.008,438,178,394
1627759,Jaylen Brown,BOS,2025-26,Ball Handler,69,441,0.224,0.931972789,0.47005988,0.515,0.442,0.152,0.12,0.107,0.029,411,157,334
202695,Kawhi Leonard,LAC,2025-26,Ball Handler,63,371,0.245,1.102425876,0.491039427,0.561,0.493,0.121,0.164,0.146,0.038,409,137,279
1628401,Derrick White,BOS,2025-26,Ball Handler,75,427,0.33,0.922716628,0.382022472,0.472,0.386,0.098,0.077,0.077,0.009,394,136,356
1630166,Deni Avdija,POR,2025-26,Ball Handler,63,432,0.289,0.881944444,0.435424354,0.456,0.433,0.204,0.206,0.181,0.037,381,118,271
1630162,Anthony Edwards,MIN,2025-26,Ball Handler,58,353,0.235,1.002832861,0.436090226,0.519,0.439,0.133,0.15,0.133,0.037,354,116,266
1642843,Cooper Flagg,DAL,2025-26,Ball Handler,66,428,0.297,0.820093458,0.377840909,0.416,0.381,0.105,0.089,0.077,0.016,351,133,352
1629614,Andrew Nembhard,IND,2025-26,Ball Handler,55,370,0.388,0.940540541,0.423076923,0.481,0.424,0.127,0.13,0.119,0.03,348,121,286
1630559,Austin Reaves,LAL,2025-26,Ball Handler,47,344,0.351,0.997093023,0.464135021,0.521,0.459,0.172,0.157,0.148,0.017,343,110,237
1641718,Keyonte George,UTA,2025-26,Ball Handler,52,336,0.288,1.00297619,0.413385827,0.478,0.44,0.113,0.167,0.161,0.036,337,105,254
1630217,Desmond Bane,ORL,2025-26,Ball Handler,77,349,0.251,0.934097421,0.447761194,0.494,0.427,0.149,0.106,0.092,0.023,326,120,268
1630202,Payton Pritchard,BOS,2025-26,Ball Handler,77,338,0.274,0.943786982,0.437288136,0.497,0.417,0.092,0.05,0.044,0.015,319,129,295
1642847,Jeremiah Fears,NOP,2025-26,Ball Handler,79,376,0.302,0.840425532,0.418439716,0.456,0.399,0.162,0.104,0.088,0.016,316,118,282
1628368,De'Aaron Fox,SAS,2025-26,Ball Handler,67,331,0.276,0.948640483,0.508,0.54,0.462,0.16,0.106,0.091,0.021,314,127,250
1630314,Brandon Williams,DAL,2025-26,Ball Handler,62,298,0.362,1,0.517412935,0.537,0.503,0.164,0.188,0.164,0.027,298,104,201
201142,Kevin Durant,HOU,2025-26,Ball Handler,76,312,0.176,0.951923077,0.488584475,0.55,0.436,0.202,0.112,0.09,0.016,297,107,219
1630552,Jalen Johnson,ATL,2025-26,Ball Handler,70,381,0.239,0.771653543,0.410852713,0.45,0.37,0.226,0.118,0.118,0.021,294,106,258
1641706,Brandon Miller,CHA,2025-26,Ball Handler,63,314,0.25,0.933121019,0.427947598,0.502,0.401,0.178,0.105,0.105,0.013,293,98,229
1630581,Josh Giddey,CHI,2025-26,Ball Handler,52,374,0.384,0.770053476,0.402489627,0.442,0.38,0.233,0.139,0.131,0.016,288,97,241
1642263,Reed Sheppard,HOU,2025-26,Ball Handler,79,319,0.306,0.896551724,0.426415094,0.515,0.373,0.15,0.031,0.028,0.013,286,113,265
1631101,Shaedon Sharpe,POR,2025-26,Ball Handler,48,348,0.329,0.793103448,0.36802974,0.422,0.356,0.149,0.095,0.086,0.017,276,99,269
1642267,Bub Carrington,WAS,2025-26,Ball Handler,78,298,0.319,0.912751678,0.455752212,0.546,0.386,0.201,0.054,0.047,0.013,272,103,226
1629645,Kevin Porter Jr.,MIL,2025-26,Ball Handler,38,304,0.439,0.891447368,0.459821429,0.484,0.428,0.174,0.112,0.102,0.023,271,103,224
203468,CJ McCollum,TOT,2025-26,Ball Handler,72,440,0.337454545,1.020454545,0.475,0.540388636,0.454777273,0.113563636,0.088611364,0.077606818,0.020440909,449,171,360
1631094,Paolo Banchero,ORL,2025-26,Ball Handler,70,298,0.188,0.899328859,0.408653846,0.433,0.453,0.134,0.201,0.185,0.034,268,85,208
1642285,Cam Spencer,MEM,2025-26,Ball Handler,69,250,0.375,1.064,0.429292929,0.538,0.432,0.116,0.124,0.12,0.032,266,85,198
1631221,Collin Gillespie,PHX,2025-26,Ball Handler,76,303,0.325,0.874587459,0.369047619,0.478,0.35,0.125,0.053,0.046,0.01,265,93,252
204456,T.J. McConnell,IND,2025-26,Ball Handler,53,264,0.539,0.965909091,0.519480519,0.524,0.477,0.102,0.034,0.03,0.011,255,120,231
1630200,Tre Jones,CHI,2025-26,Ball Handler,63,252,0.321,0.996031746,0.505494505,0.527,0.488,0.155,0.139,0.115,0.016,251,92,182
1641708,Amen Thompson,HOU,2025-26,Ball Handler,76,282,0.209,0.890070922,0.47029703,0.47,0.44,0.181,0.142,0.135,0.039,251,95,202
1642349,Ajay Mitchell,OKC,2025-26,Ball Handler,52,258,0.369,0.968992248,0.48241206,0.508,0.457,0.136,0.124,0.124,0.031,250,96,199
201935,James Harden,TOT,2025-26,Ball Handler,67,377,0.25268435,1.00265252,0.452471483,0.555623342,0.416464191,0.201432361,0.127241379,0.124588859,0.026567639,378,119,263
201942,DeMar DeRozan,SAC,2025-26,Ball Handler,74,253,0.205,0.960474308,0.425641026,0.431,0.474,0.079,0.186,0.174,0.036,243,83,195
1629638,Nickeil Alexander-Walker,ATL,2025-26,Ball Handler,76,287,0.198,0.836236934,0.401746725,0.45,0.38,0.143,0.073,0.063,0.014,240,92,229
1641764,Brandin Podziemski,GSW,2025-26,Ball Handler,79,271,0.254,0.852398524,0.392156863,0.449,0.395,0.148,0.114,0.1,0.015,231,80,204
201950,Jrue Holiday,POR,2025-26,Ball Handler,52,268,0.302,0.854477612,0.411214953,0.488,0.366,0.164,0.045,0.037,0.007,229,88,214
1628415,Dillon Brooks,PHX,2025-26,Ball Handler,52,220,0.206,1.036363636,0.505555556,0.553,0.473,0.118,0.091,0.082,0.027,228,91,180
1627742,Brandon Ingram,TOR,2025-26,Ball Handler,74,267,0.173,0.846441948,0.440191388,0.459,0.404,0.157,0.079,0.075,0.019,226,92,209
1630193,Immanuel Quickley,TOR,2025-26,Ball Handler,68,219,0.207,1.00456621,0.456140351,0.518,0.461,0.114,0.142,0.128,0.037,220,78,171
1642264,Stephon Castle,SAS,2025-26,Ball Handler,65,299,0.262,0.725752508,0.420212766,0.428,0.365,0.264,0.154,0.144,0.047,217,79,188
1641824,Matas Buzelis,CHI,2025-26,Ball Handler,75,258,0.214,0.833333333,0.44198895,0.494,0.384,0.225,0.097,0.093,0.023,215,80,181
1642845,VJ Edgecombe,PHI,2025-26,Ball Handler,74,279,0.226,0.734767025,0.34893617,0.383,0.341,0.111,0.065,0.057,0.018,205,82,235
1628960,Grayson Allen,PHX,2025-26,Ball Handler,50,233,0.287,0.871244635,0.32460733,0.408,0.365,0.082,0.12,0.094,0.021,203,62,191
1627783,Pascal Siakam,IND,2025-26,Ball Handler,59,200,0.143,1.005,0.452830189,0.494,0.48,0.075,0.16,0.155,0.03,201,72,159
1630224,Jalen Green,PHX,2025-26,Ball Handler,32,238,0.382,0.840336134,0.397905759,0.455,0.37,0.139,0.084,0.08,0.025,200,76,191
1642851,Kon Knueppel,CHA,2025-26,Ball Handler,78,199,0.155,0.969849246,0.468085106,0.55,0.432,0.186,0.111,0.095,0.005,193,66,141
201566,Russell Westbrook,SAC,2025-26,Ball Handler,61,272,0.254,0.702205882,0.466666667,0.497,0.346,0.316,0.081,0.07,0.004,191,77,165
201939,Stephen Curry,GSW,2025-26,Ball Handler,40,195,0.211,0.974358974,0.406896552,0.524,0.39,0.169,0.113,0.108,0.026,190,59,145
1642273,Kyshawn George,WAS,2025-26,Ball Handler,47,207,0.28,0.845410628,0.443708609,0.48,0.401,0.193,0.087,0.077,0.01,175,67,151
1642268,Isaiah Collier,UTA,2025-26,Ball Handler,57,212,0.288,0.820754717,0.422535211,0.437,0.41,0.189,0.17,0.146,0.028,174,60,142
1631114,Jalen Williams,OKC,2025-26,Ball Handler,30,180,0.348,0.95,0.507246377,0.522,0.461,0.156,0.117,0.117,0.039,171,70,138
1642860,Will Riley,WAS,2025-26,Ball Handler,70,190,0.246,0.9,0.455223881,0.5,0.421,0.195,0.132,0.126,0.032,171,61,134
1628370,Malik Monk,SAC,2025-26,Ball Handler,59,209,0.282,0.803827751,0.36746988,0.428,0.349,0.148,0.067,0.062,0.01,168,61,166
1642844,Dylan Harper,SAS,2025-26,Ball Handler,65,179,0.236,0.932960894,0.524475524,0.538,0.447,0.173,0.045,0.039,0.017,167,75,143
1629014,Anfernee Simons,BOS,2025-26,Ball Handler,47,180,0.289,0.911111111,0.38961039,0.474,0.372,0.106,0.05,0.05,0.011,164,60,154
203471,Dennis Schröder,SAC,2025-26,Ball Handler,39,201,0.37,0.810945274,0.398648649,0.429,0.378,0.179,0.119,0.109,0.035,163,59,148
1629636,Darius Garland,TOT,2025-26,Ball Handler,42,338,0.423934911,0.928994083,0.456521739,0.517307692,0.414272189,0.139248521,0.056497041,0.056497041,0.011857988,314,126,276
1630567,Scottie Barnes,TOR,2025-26,Ball Handler,77,191,0.136,0.842931937,0.445945946,0.463,0.408,0.162,0.084,0.073,0.021,161,66,148
1629012,Collin Sexton,TOT,2025-26,Ball Handler,65,315,0.333114286,0.86984127,0.434210526,0.47808254,0.396555556,0.190415873,0.117606349,0.104739683,0.031844444,274,99,228
1629627,Zion Williamson,NOP,2025-26,Ball Handler,60,155,0.141,1.032258065,0.524752475,0.525,0.542,0.123,0.284,0.277,0.058,160,53,101
1630311,Pat Spencer,GSW,2025-26,Ball Handler,65,183,0.335,0.868852459,0.446666667,0.5,0.404,0.142,0.049,0.044,0.011,159,67,150
1629628,RJ Barrett,TOR,2025-26,Ball Handler,56,169,0.166,0.928994083,0.477876106,0.487,0.497,0.148,0.213,0.201,0.03,157,54,113
1642450,Daniss Jenkins,DET,2025-26,Ball Handler,69,236,0.319,0.652542373,0.337142857,0.351,0.331,0.174,0.093,0.064,0.008,154,59,175
1642848,Tre Johnson,WAS,2025-26,Ball Handler,58,166,0.22,0.903614458,0.441860465,0.5,0.404,0.163,0.072,0.054,0.012,150,57,129
1642948,Ryan Nembhard,DAL,2025-26,Ball Handler,58,200,0.425,0.75,0.40625,0.444,0.345,0.18,0.025,0.02,0.005,150,65,160
1630230,Naji Marshall,DAL,2025-26,Ball Handler,70,157,0.155,0.923566879,0.495652174,0.5,0.478,0.146,0.146,0.115,0.025,145,57,115
1630530,Trey Murphy III,NOP,2025-26,Ball Handler,63,199,0.164,0.728643216,0.312101911,0.395,0.307,0.151,0.07,0.055,0.01,145,49,157
1641710,Anthony Black,ORL,2025-26,Ball Handler,59,188,0.204,0.744680851,0.355072464,0.406,0.346,0.17,0.117,0.106,0.021,140,49,138
1642849,Nolan Traore,BKN,2025-26,Ball Handler,56,207,0.316,0.671497585,0.384615385,0.413,0.329,0.242,0.077,0.058,0.01,139,55,143
1641729,Brice Sensabaugh,UTA,2025-26,Ball Handler,73,155,0.149,0.877419355,0.416666667,0.492,0.374,0.174,0.071,0.065,0.019,136,50,120
1630703,Scoot Henderson,POR,2025-26,Ball Handler,30,161,0.348,0.844720497,0.445454545,0.518,0.379,0.242,0.087,0.068,0.012,136,49,110
1642347,Jamal Shead,TOR,2025-26,Ball Handler,79,190,0.297,0.715789474,0.381679389,0.416,0.337,0.232,0.1,0.084,0.021,136,50,131
1630532,Franz Wagner,ORL,2025-26,Ball Handler,31,132,0.223,1.022727273,0.479591837,0.531,0.477,0.136,0.144,0.129,0.023,135,47,98
1629630,Ja Morant,MEM,2025-26,Ball Handler,19,169,0.404,0.798816568,0.394957983,0.416,0.391,0.183,0.124,0.095,0.012,135,47,119
1629660,Ty Jerome,MEM,2025-26,Ball Handler,15,114,0.435,1.166666667,0.489361702,0.622,0.465,0.114,0.088,0.088,0.026,133,46,94
1630538,Bones Hyland,MIN,2025-26,Ball Handler,70,130,0.227,1.023076923,0.428571429,0.529,0.438,0.1,0.1,0.062,0.008,133,45,105
1629001,De'Anthony Melton,GSW,2025-26,Ball Handler,49,164,0.244,0.81097561,0.4,0.425,0.384,0.177,0.122,0.11,0.03,133,48,120
203944,Julius Randle,MIN,2025-26,Ball Handler,76,148,0.094,0.878378378,0.41025641,0.466,0.405,0.128,0.095,0.074,0.014,130,48,117
1628970,Miles Bridges,CHA,2025-26,Ball Handler,74,163,0.136,0.797546012,0.357142857,0.4,0.38,0.061,0.08,0.074,0,130,50,140
1629673,Jordan Poole,NOP,2025-26,Ball Handler,39,155,0.279,0.812903226,0.293103448,0.379,0.342,0.123,0.148,0.123,0.019,126,34,116
1630591,Jalen Suggs,ORL,2025-26,Ball Handler,52,172,0.224,0.726744186,0.361538462,0.431,0.314,0.203,0.047,0.047,0.006,125,47,130
203924,Jerami Grant,POR,2025-26,Ball Handler,54,140,0.149,0.885714286,0.436170213,0.452,0.443,0.171,0.214,0.207,0.057,124,41,94
1630245,Ayo Dosunmu,CHI,2025-26,Ball Handler,43,124,0.221,0.991935484,0.484848485,0.53,0.452,0.137,0.105,0.097,0.04,123,48,99
1629632,Coby White,TOT,2025-26,Ball Handler,50,272,0.330411765,0.889705882,0.420212766,0.461852941,0.418941176,0.180264706,0.146970588,0.128647059,0.017941176,242,79,188
203897,Zach LaVine,SAC,2025-26,Ball Handler,36,124,0.203,0.975806452,0.4,0.49,0.411,0.105,0.089,0.089,0,121,40,100
1642914,Javon Small,MEM,2025-26,Ball Handler,40,128,0.338,0.9453125,0.443298969,0.557,0.383,0.195,0.07,0.063,0.023,121,43,97
1626181,Norman Powell,MIA,2025-26,Ball Handler,54,118,0.112,1.016949153,0.43373494,0.482,0.458,0.144,0.178,0.161,0.025,120,36,83
1631108,Max Christie,DAL,2025-26,Ball Handler,73,123,0.148,0.951219512,0.435643564,0.505,0.415,0.122,0.073,0.057,0.016,117,44,101
2544,LeBron James,LAL,2025-26,Ball Handler,57,137,0.117,0.854014599,0.408602151,0.473,0.401,0.197,0.131,0.109,0.007,117,38,93
1628369,Jayson Tatum,BOS,2025-26,Ball Handler,16,119,0.332,0.966386555,0.401960784,0.49,0.403,0.084,0.084,0.084,0.025,115,41,102
1642907,Cedric Coward,MEM,2025-26,Ball Handler,59,145,0.184,0.765517241,0.37962963,0.431,0.352,0.186,0.076,0.069,0.007,111,41,108
1631097,Bennedict Mathurin,TOT,2025-26,Ball Handler,51,229,0.258620087,0.895196507,0.380116959,0.428157205,0.41489083,0.122235808,0.148344978,0.135152838,0.017384279,205,65,171
1641731,Bilal Coulibaly,WAS,2025-26,Ball Handler,53,125,0.188,0.84,0.406976744,0.436,0.424,0.16,0.176,0.16,0.024,105,35,86
203999,Nikola Jokić,DEN,2025-26,Ball Handler,63,132,0.085,0.787878788,0.376470588,0.441,0.364,0.227,0.144,0.114,0.015,104,32,85
1630175,Cole Anthony,MIL,2025-26,Ball Handler,32,144,0.511,0.722222222,0.435185185,0.449,0.347,0.222,0.049,0.035,0.021,104,47,108
1642879,Ben Saraf,BKN,2025-26,Ball Handler,44,146,0.33,0.712328767,0.402173913,0.418,0.356,0.267,0.116,0.089,0.014,104,37,92
1641716,Jarace Walker,IND,2025-26,Ball Handler,73,133,0.145,0.77443609,0.349514563,0.427,0.331,0.15,0.09,0.075,0.015,103,36,103
1630183,Jaden McDaniels,MIN,2025-26,Ball Handler,70,118,0.121,0.86440678,0.443298969,0.479,0.415,0.127,0.068,0.051,0.017,102,43,97
1630700,Dyson Daniels,ATL,2025-26,Ball Handler,74,103,0.11,0.980582524,0.547619048,0.548,0.485,0.146,0.078,0.078,0.039,101,46,84
1630536,Sharife Cooper,WAS,2025-26,Ball Handler,39,110,0.331,0.918181818,0.487804878,0.512,0.445,0.173,0.1,0.064,0.018,101,40,82
1642363,Nique Clifford,SAC,2025-26,Ball Handler,72,154,0.205,0.655844156,0.348214286,0.384,0.312,0.201,0.071,0.065,0,101,39,112
1641713,GG Jackson,MEM,2025-26,Ball Handler,54,105,0.158,0.942857143,0.492753623,0.529,0.467,0.19,0.2,0.2,0.048,99,34,69
1627747,Caris LeVert,DET,2025-26,Ball Handler,57,122,0.254,0.81147541,0.397849462,0.452,0.369,0.172,0.107,0.09,0.041,99,37,93
1642377,Jaylen Wells,MEM,2025-26,Ball Handler,66,112,0.138,0.866071429,0.384615385,0.467,0.366,0.134,0.063,0.054,0.009,97,35,91
1631126,Caleb Love,POR,2025-26,Ball Handler,46,125,0.23,0.776,0.37254902,0.441,0.344,0.144,0.04,0.04,0,97,38,102
1629656,Quentin Grimes,PHI,2025-26,Ball Handler,72,119,0.127,0.789915966,0.364705882,0.429,0.345,0.202,0.109,0.067,0.025,94,31,85
1642856,Egor Dëmin,BKN,2025-26,Ball Handler,49,112,0.217,0.830357143,0.375,0.488,0.33,0.223,0.063,0.045,0,93,30,80
1630560,Cam Thomas,BKN,2025-26,Ball Handler,24,106,0.264,0.867924528,0.3375,0.394,0.377,0.123,0.17,0.132,0.047,92,27,80
1631212,Peyton Watson,DEN,2025-26,Ball Handler,52,111,0.151,0.810810811,0.4125,0.431,0.405,0.171,0.135,0.126,0.027,90,33,80
1642383,Walter Clayton Jr.,TOT,2025-26,Ball Handler,67,210,0.339857143,0.823809524,0.350318471,0.417142857,0.356904762,0.157285714,0.123571429,0.109428571,0.02847619,173,55,157
1642269,Devin Carter,SAC,2025-26,Ball Handler,38,100,0.257,0.89,0.485714286,0.564,0.4,0.2,0.12,0.12,0.02,89,34,70
1628978,Donte DiVincenzo,MIN,2025-26,Ball Handler,79,110,0.115,0.790909091,0.314606742,0.433,0.3,0.136,0.064,0.064,0.009,87,28,89
1642278,Tyler Kolek,NYK,2025-26,Ball Handler,58,114,0.384,0.728070175,0.376344086,0.419,0.333,0.158,0.026,0.018,0,83,35,93
1630544,Tre Mann,CHA,2025-26,Ball Handler,50,126,0.376,0.634920635,0.294642857,0.348,0.27,0.103,0.008,0,0,80,33,112
1631172,Ousmane Dieng,MIL,2025-26,Ball Handler,30,103,0.263,0.747572816,0.443037975,0.449,0.369,0.204,0.058,0.049,0.029,77,35,79
1641717,Cason Wallace,OKC,2025-26,Ball Handler,72,124,0.19,0.612903226,0.313131313,0.348,0.282,0.169,0.032,0.032,0,76,31,99
1642875,Maxime Raynaud,SAC,2025-26,Roll Man,72,223,0.27,1.098654709,0.5625,0.563,0.556,0.058,0.099,0.094,0.018,245,108,192
1626157,Karl-Anthony Towns,NYK,2025-26,Roll Man,70,177,0.136,1.372881356,0.611111111,0.66,0.627,0.056,0.198,0.192,0.068,243,88,144
1631105,Jalen Duren,DET,2025-26,Roll Man,68,167,0.153,1.449101796,0.757142857,0.757,0.731,0.066,0.162,0.162,0.066,242,106,140
202696,Nikola Vučević,CHI,2025-26,Roll Man,46,214,0.289,1.107476636,0.510204082,0.574,0.495,0.056,0.033,0.033,0.005,237,100,196
1629028,Deandre Ayton,LAL,2025-26,Roll Man,69,187,0.263,1.235294118,0.658064516,0.658,0.631,0.075,0.112,0.112,0.016,231,102,155
203999,Nikola Jokić,DEN,2025-26,Roll Man,63,176,0.114,1.25,0.569444444,0.656,0.574,0.068,0.136,0.125,0.023,220,82,144
1642270,Donovan Clingan,POR,2025-26,Roll Man,74,196,0.235,1.081632653,0.464705882,0.538,0.474,0.046,0.117,0.112,0.031,212,79,170
1629674,Neemias Queta,BOS,2025-26,Roll Man,75,155,0.243,1.348387097,0.714285714,0.714,0.684,0.065,0.103,0.103,0.026,209,95,133
203954,Joel Embiid,PHI,2025-26,Roll Man,38,196,0.205,1.045918367,0.455696203,0.5,0.49,0.061,0.143,0.143,0.01,205,72,158
1642259,Alex Sarr,WAS,2025-26,Roll Man,45,170,0.232,1.076470588,0.503355705,0.55,0.506,0.053,0.088,0.088,0.018,183,75,149
1628386,Jarrett Allen,CLE,2025-26,Roll Man,54,160,0.229,1.1375,0.613445378,0.613,0.613,0.081,0.188,0.169,0.013,182,73,119
1630596,Evan Mobley,CLE,2025-26,Roll Man,62,171,0.164,1.035087719,0.507352941,0.555,0.485,0.094,0.152,0.146,0.041,177,69,136
1630643,Jay Huff,IND,2025-26,Roll Man,79,152,0.217,1.138157895,0.492537313,0.59,0.474,0.072,0.072,0.072,0.026,173,66,134
1631096,Chet Holmgren,OKC,2025-26,Roll Man,64,129,0.137,1.325581395,0.583333333,0.667,0.589,0.062,0.124,0.124,0.023,171,63,108
1628976,Wendell Carter Jr.,ORL,2025-26,Roll Man,73,146,0.18,1.136986301,0.507692308,0.554,0.521,0.041,0.123,0.116,0.055,166,66,130
1626167,Myles Turner,MIL,2025-26,Roll Man,68,146,0.191,1.130136986,0.448818898,0.555,0.473,0.041,0.11,0.103,0.021,165,57,127
1630578,Alperen Sengun,HOU,2025-26,Roll Man,69,158,0.108,1.03164557,0.554621849,0.576,0.525,0.133,0.146,0.133,0.032,163,66,119
1642851,Kon Knueppel,CHA,2025-26,Roll Man,78,113,0.088,1.415929204,0.576923077,0.726,0.558,0.053,0.053,0.053,0.027,160,60,104
1641705,Victor Wembanyama,SAS,2025-26,Roll Man,62,126,0.091,1.246031746,0.596153846,0.659,0.587,0.079,0.103,0.087,0.008,157,62,104
1630568,Luka Garza,BOS,2025-26,Roll Man,67,108,0.243,1.305555556,0.535353535,0.652,0.546,0.009,0.111,0.111,0.037,141,53,99
203497,Rudy Gobert,MIN,2025-26,Roll Man,73,111,0.157,1.27027027,0.708860759,0.709,0.649,0.09,0.261,0.261,0.063,141,56,79
1630168,Onyeka Okongwu,ATL,2025-26,Roll Man,72,120,0.115,1.141666667,0.535353535,0.601,0.542,0.075,0.1,0.092,0,137,53,99
202685,Jonas Valančiūnas,DEN,2025-26,Roll Man,63,117,0.228,1.145299145,0.555555556,0.581,0.547,0.068,0.12,0.12,0.034,134,55,99
1641774,Tristan Vukcevic,WAS,2025-26,Roll Man,45,117,0.291,1.111111111,0.494505495,0.571,0.521,0.085,0.145,0.145,0.009,130,45,91
1626171,Bobby Portis,MIL,2025-26,Roll Man,64,119,0.147,1.067226891,0.455357143,0.545,0.445,0.042,0.034,0.034,0.017,127,51,112
1631109,Mark Williams,PHX,2025-26,Roll Man,56,105,0.201,1.152380952,0.576470588,0.576,0.59,0.057,0.181,0.171,0.048,121,49,85
1630572,Sandro Mamukelashvili,TOR,2025-26,Roll Man,77,118,0.16,1.025423729,0.474747475,0.53,0.466,0.076,0.144,0.144,0.059,121,47,99
203944,Julius Randle,MIN,2025-26,Roll Man,76,100,0.064,1.2,0.53164557,0.57,0.57,0.06,0.19,0.16,0.04,120,42,79
1642345,Oso Ighodaro,PHX,2025-26,Roll Man,78,107,0.215,1.112149533,0.670731707,0.671,0.579,0.14,0.103,0.103,0.009,119,55,82
1628389,Bam Adebayo,MIA,2025-26,Roll Man,70,111,0.079,1.036036036,0.465346535,0.505,0.486,0.027,0.09,0.09,0.027,115,47,101
201572,Brook Lopez,LAC,2025-26,Roll Man,74,161,0.255,0.708074534,0.272108844,0.361,0.267,0.056,0.043,0.043,0.012,114,40,147
203994,Jusuf Nurkić,UTA,2025-26,Roll Man,39,102,0.208,0.990196078,0.511627907,0.523,0.5,0.059,0.127,0.127,0.029,101,44,86
1627826,Ivica Zubac,LAC,2025-26,Roll Man,40,100,0.193,0.98,0.586666667,0.587,0.49,0.19,0.09,0.09,0.03,98,44,75